patient_id,Complement,IL-6/JAK/STAT3 Signaling,Inflammatory Response,Interferon Alpha Response,Interferon Gamma Response,TNF-alpha Signaling via NF-kB
TCGA-3C-AALI,3367.442406410244,2793.0212165504527,1741.8890990744185,5161.196991668487,4485.154533249741,3688.7227576185724
TCGA-3C-AALK,3240.769097169534,2638.4823232590734,1829.5996902913685,4166.687085781257,3638.847366060465,4495.467134136363
TCGA-5T-A9QA,2361.707603152545,1635.1960205587475,864.8259133869415,4821.760901138223,3272.4983211100116,2781.4221147892276
TCGA-A1-A0SB,2530.678456358881,1716.399710880456,895.9729674957325,2410.4013849254807,2029.4164754949288,3864.8009618674278
TCGA-A1-A0SD,3520.482274614036,2837.6475030243346,2235.9040581483623,5913.368542187187,4641.371729252507,4476.014713474555
TCGA-A1-A0SE,2938.8494928291802,2241.9433287767442,1425.348925174505,3774.292134128371,3146.838699687354,3512.407203853729
TCGA-A1-A0SF,3141.7893761710875,2408.1067417595677,1474.9087707706985,4159.91236436599,3510.483704891867,3690.9658827416206
TCGA-A1-A0SG,3147.0843128295146,2292.673122078064,1408.8850158384193,4316.887840817277,3481.4823329700557,3520.263426544887
TCGA-A1-A0SH,3292.248891154006,2357.1368475662457,1814.2295745800093,3664.282381181656,3303.4601699396335,3770.5594042728535
TCGA-A1-A0SI,3841.7202979342565,3370.269677740471,2503.2534211071343,5993.433242486017,5009.3334272014745,4596.409964402745
TCGA-A1-A0SK,2107.727186100401,1266.2640160911287,113.37412114547988,1902.9818586768015,1509.1828547465993,2560.9705642489407
TCGA-A1-A0SN,3776.7933043823286,2533.650839298931,2225.594762252953,4396.754523840331,4036.1086059833124,3997.8240811444375
TCGA-A1-A0SO,2300.3369800365144,1637.3536030545565,689.9796120602805,3112.508833893331,2533.9057803273627,2546.7295031078975
TCGA-A1-A0SQ,2980.824858930331,2098.8071308899107,1176.1414812453695,3744.1972168358097,2976.109184915098,3405.051826909006
TCGA-A2-A04N,3063.0270520439226,2373.327852936709,1612.5806951606573,3794.963364395484,3206.661541306701,3922.687657105562
TCGA-A2-A04Q,4425.161747278593,4475.754629785706,3408.2205876887,6665.4664288600525,6147.5942466268625,4969.368906537602
TCGA-A2-A04T,3317.4031513442987,2769.8006550689915,2033.3799385485636,4255.748533888431,3972.6622714754903,3643.71929979778
TCGA-A2-A04U,2573.167785682146,1717.9767895225868,882.3962707917599,3368.9091590717,2742.331481846737,3182.7389137652317
TCGA-A2-A04W,3347.50142210768,2324.8641525171606,2065.4955901788962,3635.3831089844607,3267.0975628060205,4516.319104107608
TCGA-A2-A04X,3647.2934677171506,3233.8388171009665,2371.0546966227703,6906.914194087476,5669.483147481051,4128.055851047013
TCGA-A2-A0CK,3094.677157581398,2585.825626775135,1535.115533241078,4336.806170746426,3627.4616051079793,4271.697057629948
TCGA-A2-A0CL,4261.793336053597,4325.453558075787,3458.2351499415927,7368.691797821883,6396.150399539085,5453.4668066572995
TCGA-A2-A0CM,3979.3274734209153,3829.9009666558923,3059.6584105910442,6792.475287034518,5924.620369528428,5039.079904324428
TCGA-A2-A0CP,3238.2735088125974,2471.4961935104748,1789.3096770923112,4217.421757510056,3501.625221218619,4313.637808696576
TCGA-A2-A0CR,4128.334712048056,3840.561500705797,2959.5709649629844,6205.06562653169,5486.05418263416,5147.43221910568
TCGA-A2-A0CT,2776.7940120031235,2129.9857984982027,1404.0458794198512,3905.798167776342,3074.0995355930027,3546.0204213380057
TCGA-A2-A0CW,3270.815378100522,2512.9868134724475,1341.5983555278635,6427.054574155793,4838.7606766626905,3204.299631840693
TCGA-A2-A0CX,3795.372682561916,2983.102910274878,2141.9523554963926,5275.188267926755,4436.8897209842125,4037.87631944263
TCGA-A2-A0CY,2966.0595600615725,1635.7863629361927,1011.9814588760273,2678.091479328885,2330.1279514552225,3567.9992231144897
TCGA-A2-A0CZ,3724.984773089047,3314.635840848654,2464.4895865821163,4578.507860595033,4072.8849428589638,4744.567562838083
TCGA-A2-A0D1,2447.7777410275685,1457.8238413711006,814.8743218595628,3455.1214707751096,2924.783144855077,2974.4861541349783
TCGA-A2-A0D2,3597.1416822492483,3207.3677262232377,2422.4445304810124,4597.528043847455,4183.32885119867,4557.547398304108
TCGA-A2-A0D3,2951.5627897665145,2218.6681144789236,1351.2963462722819,4120.321538565377,3393.441701839145,3729.2021308117473
TCGA-A2-A0D4,2886.524005322939,1881.3388322716146,868.2868423725595,4252.913699121897,3133.5876792832096,3048.8886442413313
TCGA-A2-A0EM,3010.756242611298,2192.134071992976,1571.8405224174821,3652.799338203431,3066.9947224229436,3127.117387841712
TCGA-A2-A0EQ,3859.3335404334593,3725.3160334987824,2687.594840879923,5661.725910183861,5234.67026518055,4210.685990060581
TCGA-A2-A0ES,3748.0736346882877,3202.886649403368,2507.3737902017765,4978.580624096765,4191.29946937931,5261.950595849414
TCGA-A2-A0ET,2800.137132189231,2165.357439057103,1476.2727902279858,5357.923589623155,3986.530317213923,3311.111920407864
TCGA-A2-A0EU,3096.626039522589,2349.902363923695,1827.1193934041112,4611.160019926956,3674.9026370963657,4165.537562989104
TCGA-A2-A0EV,3767.5511043578426,2858.078609458702,2246.0985309154657,5584.774864603834,4533.371078831629,3931.0910621291296
TCGA-A2-A0EX,3222.6704843681764,2337.780601303797,1742.8844076044497,3852.9553380323287,3307.1908609461298,3691.558152980404
TCGA-A2-A0EY,3436.987359435503,2667.766743093589,1693.3415139935696,3522.9953515090674,3250.7834027777517,3597.3348163552746
TCGA-A2-A0ST,4651.25579707605,4603.677447234093,3558.5975142308434,7356.465027914146,6640.550615116637,5342.049982001718
TCGA-A2-A0SU,3173.706457095277,2426.190275898667,1725.2766611771349,3724.963872775048,3325.748612915295,3860.7659841475124
TCGA-A2-A0SW,3971.4103688687374,3457.6269719544216,2225.4431311907992,5883.62448770204,5093.704697106905,3925.353393898804
TCGA-A2-A0SX,3985.591544310102,3753.2234940871276,3114.2546922852252,6253.697771910505,5383.948989550092,4887.3164835551615
TCGA-A2-A0T0,3322.1580617488944,2774.881604902035,1899.72807908317,3694.810072488539,3525.8651942537454,3947.844643837765
TCGA-A2-A0T1,4229.648910877169,3975.2076986747597,2815.9005590336455,5762.227102813593,5283.901232468124,4447.871346852498
TCGA-A2-A0T2,3408.8628660102786,2795.7119172175753,1827.574411367459,4348.620120306765,3802.3708065473365,3786.1417186501003
TCGA-A2-A0T3,2930.678373748746,2329.075573006081,1162.483947128425,4044.3730099385684,3132.360291023857,3683.722533625325
TCGA-A2-A0T4,3742.596195521717,3060.360089358066,2349.8881194327587,5824.673564886345,4779.362119844613,4597.570590450883
TCGA-A2-A0T6,3808.760255768031,3373.864054556274,2750.149717897415,4568.4466153201465,4256.718829956941,5120.746899769747
TCGA-A2-A0T7,3548.8915589521384,2577.187010571168,2162.5909616563313,4796.751797557192,3969.3202940482734,4362.412043944825
TCGA-A2-A0YD,3980.996961768131,3383.0610283678434,2847.2830502686174,5607.515420641803,4776.974993819507,5459.27399120534
TCGA-A2-A0YE,2892.9407999697596,2681.041250839671,1702.1110401957285,5075.795611167083,3875.0386997724636,3509.858461773725
TCGA-A2-A0YF,3679.338054211057,2572.906065779782,2001.0543662457512,4504.308019408469,3720.920705566381,3812.6996260961514
TCGA-A2-A0YG,3164.234829077137,1950.0444216570631,1343.878491891839,4245.3400260847975,3554.6724893801675,3262.4729094660506
TCGA-A2-A0YH,4077.499269254371,3627.5092937464724,2831.2389981214546,6993.908902098672,5626.012031402954,3933.0764362206955
TCGA-A2-A0YI,3932.5642615655233,3494.088198609619,2784.82373574373,5197.587031223533,4632.299016902998,4199.919849393553
TCGA-A2-A0YK,4123.106953320177,3730.562582446393,2825.4455722684015,5539.171405358393,5076.685423657778,5049.42797289951
TCGA-A2-A0YL,3373.485441372228,2648.1197354171272,2022.6729069974463,5007.127755896736,4134.249391822752,4670.459554044939
TCGA-A2-A1FV,2560.421201996245,1742.538900164891,1032.5415660448598,2144.615279116615,2162.5373938268804,3512.478210440444
TCGA-A2-A1FW,2815.9989822831685,1700.6722237844006,1204.968657917656,4757.852198752735,3696.500941512126,2957.3707995653403
TCGA-A2-A1FZ,3547.7381697180717,2859.8892367655753,2040.9088270774246,3855.3718037197505,3444.5161791361134,4239.6423661141325
TCGA-A2-A1G0,3304.0925710785323,2725.0964489076687,1964.7713533306523,4069.60445983739,3606.08819756905,4354.702815644989
TCGA-A2-A1G4,2973.7007327357805,2052.3729074306502,1481.244933505668,3672.6533655783824,2939.500839982038,3262.1209533116707
TCGA-A2-A1G6,3446.1254727700198,2800.116050831806,1951.2524061331933,3824.39204914529,3497.469454497863,4589.82993578035
TCGA-A2-A259,3600.454541297684,3418.4190042547634,2714.1032831357315,4707.126369314807,4289.983225120253,4983.3367181088415
TCGA-A2-A25C,3335.441190276835,2199.3992988186747,1873.5265594010216,6335.529271136436,4754.918334323213,3615.015485355303
TCGA-A2-A25D,3866.6217459415366,3419.854792032649,2929.820872570408,6869.047309363077,5653.401356075863,4893.689010477756
TCGA-A2-A25F,5027.488471236235,5029.51657926842,4122.640993606919,6516.243547859192,6278.305167378525,5515.182867325
TCGA-A2-A3KD,3241.9299384762708,2469.5572032738564,1850.5947860155557,3843.122383902055,3312.9596121194318,4138.463119268965
TCGA-A2-A3XT,3824.494595050406,3547.1943874984063,2725.937967339036,5439.680327731847,4808.941185895679,4656.226166599405
TCGA-A2-A3XX,3302.7306249549893,2611.706435609831,1721.8232046614721,4663.385113708786,3936.2428752739943,3886.911546758469
TCGA-A2-A3XZ,3698.180417291178,3266.543513216662,2201.661417567633,4966.10518735267,4528.310415459178,4102.705418122245
TCGA-A2-A3Y0,3646.5619135806664,3711.2805286908842,2452.047787546064,5761.3328221060765,4976.474848547527,4450.009269034374
TCGA-A2-A4RW,3052.4132972433345,2894.7187304101553,1697.9113900381853,4159.663822041186,3544.1405952637797,3695.69956655854
TCGA-A2-A4RX,3588.005125551512,3106.4369942653375,2434.7198415514285,4026.059078972352,3886.944740700743,5161.9855410737455
TCGA-A2-A4RY,3221.4378540953567,3004.4627397075546,2054.70800236381,4343.331832302356,3808.516579168132,4772.157250857295
TCGA-A2-A4S0,2508.505493423798,1634.4128230155038,760.3348545681602,3654.934012903772,2653.110932914382,3054.75227701979
TCGA-A2-A4S1,3992.685984552818,3435.3875667799875,2905.4911369239235,5830.857163769864,4896.873307987929,4378.714995561779
TCGA-A2-A4S2,3671.976668423291,3101.2679486633715,2457.69047250081,7533.926600361832,5715.891513938419,4382.096332115767
TCGA-A2-A4S3,3429.837830503251,2697.452429829518,1738.58231650963,5508.863525172479,4318.512217993137,3396.3273370942115
TCGA-A7-A0CG,3876.668134868569,3219.08314761791,2322.637860286399,4839.520894443918,4305.822805084463,4215.508721234228
TCGA-A7-A0CJ,3007.9190466254713,2281.74115226454,1617.0404610200676,5844.511767242122,4435.668843001547,3505.6084471383856
TCGA-A7-A0D9,2779.134324248691,1800.9283280505733,1002.229559008847,3164.725957858731,2491.4122629763533,3171.6558815227327
TCGA-A7-A0DA,3085.018696164141,2327.1365761613615,1813.9150674693665,4617.46682348554,3663.251321631169,4071.991036725669
TCGA-A7-A0DB,3537.9749994753493,2167.7285838402913,1746.976652612475,3651.8585850598374,3212.8375281767294,3226.796026668102
TCGA-A7-A13H,3756.4299437601294,3253.7385214710084,2395.457532180608,5183.789248135925,4444.081616263102,4433.004323956466
TCGA-A7-A26F,4028.6989083052013,3634.4559288898745,3461.9330261087653,6221.740758443466,5358.433510156861,4757.232373475341
TCGA-A7-A26G,4195.501060636931,3204.034706936689,2874.135506802011,4516.108471535785,4227.994730167937,4339.980280625949
TCGA-A7-A26J,3401.932298424741,2294.550141301932,1978.646286888652,6166.656590168852,4627.377731702933,3757.0424184868043
TCGA-A7-A2KD,3614.9918735934716,2914.144143158981,2311.586178330461,5826.684614003307,4627.8124793815805,4017.6681981196816
TCGA-A7-A3IY,3965.159581525737,3118.9504121113987,2840.401988270316,5415.236150639083,4493.386075959017,5081.938480059989
TCGA-A7-A3J0,3254.9944937876226,2197.111456120896,1137.2773064359135,4110.748136344819,3473.2463648737466,3320.601379725229
TCGA-A7-A426,3078.097971267689,2646.4298866431545,1576.268509168045,4524.291738261136,3635.5961556440925,4071.8237582489965
TCGA-A7-A4SA,3669.967872156796,3235.1907417922976,2325.083115324176,6109.358885006932,4972.31861629255,4392.059399094098
TCGA-A7-A4SB,2636.4264757726196,2053.1724942690053,1035.9098262958796,3844.5589773561715,2945.0346867065437,3524.624426788967
TCGA-A7-A4SE,3499.492423421105,3163.2365084724715,2340.553062042407,5944.136021839649,4621.878005915611,4886.3445506156495
TCGA-A7-A4SF,2770.7198373223564,2175.995087442974,1011.2156898206085,4532.862108725018,3551.5320988248586,2650.0578661478303
TCGA-A7-A56D,3430.794870386453,2413.0473970871353,2074.1130783430453,6386.033209264993,4728.900111729312,3582.101328114817
TCGA-A7-A5ZW,3332.932544261912,2570.512650085806,2079.465162161974,4249.601859780909,3733.953904436501,4234.061982457199
TCGA-A7-A5ZX,2881.524573255061,2100.647721990217,1297.156547529039,3821.164065176821,2947.238858439281,3784.0679522041937
TCGA-A7-A6VV,3674.23692954585,3188.0933407776047,2544.9560271868468,4335.143008953884,4041.209870040597,4686.259999870221
TCGA-A7-A6VW,3713.704841266672,3281.08576150897,2539.82131883723,6611.998818100643,5177.577745344808,4624.848486362154
TCGA-A7-A6VX,3209.152557620542,2473.174380466784,1632.2681328433755,5539.1298157049405,4190.161428010357,3632.0629801513096
TCGA-A7-A6VY,3956.107861159573,3740.6754407836215,3028.150729934083,6124.429991304278,5379.824979363426,4772.551695504426
TCGA-A8-A06N,2107.2126610146224,1887.5041343986977,711.1549950813242,5651.311058035984,3735.373469561717,2421.769848470527
TCGA-A8-A06O,3201.7589320630123,2258.790585863828,1357.9716761436011,4825.685504250005,3885.888017204963,3422.6252902331016
TCGA-A8-A06P,3329.1273962671785,2540.5153635091683,1874.8559713006907,3756.8851631928264,3241.7619980852087,3584.0813240548905
TCGA-A8-A06Q,2613.4252817724137,1339.0038980660884,593.6954245893176,3667.6692893574836,2794.2968704178056,2137.2771424912153
TCGA-A8-A06R,3711.3637151056973,2916.302575130998,2169.7852779387067,5415.939731897055,4593.964748684895,3889.1804559830343
TCGA-A8-A06X,3299.6852636949407,2696.922166306138,1767.6274611138451,6369.365639165726,4978.51301127913,4022.8294782306
TCGA-A8-A06Y,2776.0768248995937,1741.8134985487432,994.3302366006046,4831.266353789677,3483.9181523006137,2944.4918704376378
TCGA-A8-A06Z,2885.2977717119484,1729.6745783135848,840.3215235310254,4075.0144450667867,2852.5833776488507,2639.469223807697
TCGA-A8-A075,3741.3197172716336,3028.6574756050213,2257.893216018205,4783.960535021624,4266.735359753338,3542.520424677088
TCGA-A8-A076,3518.0625982959446,2341.0983205455013,1836.0554617348535,5501.357563331594,4315.024382527994,3356.928260726663
TCGA-A8-A079,2849.156602970501,2311.794734031464,1271.8734795656528,4269.444525209237,3332.0542046655955,2954.160228098697
TCGA-A8-A07B,3090.9737308742824,2094.497890327719,1612.8512032285253,4173.637908952454,3408.6893275990806,3410.6542234850476
TCGA-A8-A07C,3176.236525432172,2482.145260464111,1696.6946852668298,3517.034533410393,3378.0477368878583,3404.1983182560507
TCGA-A8-A07F,3392.0371428809704,2550.4704280521546,1740.4217459795564,4613.540106254557,3906.8927478479236,3521.200237594325
TCGA-A8-A07G,3630.1177070604663,2481.1412561154466,1863.1735617024879,4665.1712628074565,3981.2021708236043,3432.522112933153
TCGA-A8-A07I,3713.9052859597887,3067.0262273058834,2317.513266955275,6498.292388030166,5117.298772567918,4241.985927723254
TCGA-A8-A07J,3848.701177878842,2972.3731593629745,2147.2230227034597,5466.4467291392375,4383.565661866092,3537.28872668069
TCGA-A8-A07L,2746.177680490764,1981.0440983933804,976.0053903199187,3962.9143384668405,3114.58270962385,2685.2916533728694
TCGA-A8-A07O,3527.5620715033765,3136.5732447270166,2427.7656044410633,4030.2373324751425,3804.352957151201,4064.91138047578
TCGA-A8-A07P,3185.982618882781,2098.353895356504,1523.743312952991,4713.604032430909,3757.635962980381,3209.767506656901
TCGA-A8-A07R,3148.8869602014347,2620.8480032436582,1747.685104547856,6364.113692783641,4651.9249310249725,3169.6643113614864
TCGA-A8-A07S,3015.7801502335096,2220.275796935339,1407.6680646376499,4918.682368298834,3786.3023964067124,3222.8613810831775
TCGA-A8-A07U,4518.715986970859,4377.1549746726,3428.5736157197443,7525.474789624004,6543.6311923319045,4647.26084905222
TCGA-A8-A07W,3341.607854507154,2480.6323344109496,1868.086208750843,4151.310127643161,3483.980149158753,3460.511082615236
TCGA-A8-A07Z,3202.847937393977,2514.0045003345567,1587.8150001575104,5977.070133072368,4445.0036208215715,3445.063616346466
TCGA-A8-A081,3332.0959702929304,2702.1595683732066,1647.5013984072248,5196.308643024333,4364.279174911704,2715.306330365873
TCGA-A8-A082,2939.1514748786103,1989.3838146675243,1557.6030428784907,3961.6635213467034,3107.5005818928603,3045.5865362178847
TCGA-A8-A083,2755.0538157760857,2204.5035697044823,915.097064929003,5709.260021041764,3967.868213727623,3013.173760638545
TCGA-A8-A084,3309.513091586383,2436.9179627628437,1585.2534363267314,6805.805908597096,4773.998105337454,3566.129935298797
TCGA-A8-A085,2437.4566709650517,1505.5673861404084,597.0546947455223,3342.33634262092,2624.7215544278424,2799.0348420555165
TCGA-A8-A086,3276.0031061954724,2065.907671963556,1557.3675826772123,4516.876652744444,3519.453356932121,3386.3556673388284
TCGA-A8-A08A,3180.2589746417634,2531.295732757977,1703.6600164325846,4214.529067472806,3390.9309171235345,3341.023712752707
TCGA-A8-A08B,3361.510826925165,2399.6192665262624,1722.6378480781786,6527.334911483056,4954.849560326355,3686.4550160080526
TCGA-A8-A08C,2801.8343334582023,1915.8250483973661,928.1106946616546,4232.190649948898,3203.8995037609657,2980.8247138002316
TCGA-A8-A08F,3645.874285360196,3244.123534828421,2462.447109118677,5464.4190118901315,4717.1774584756095,3725.02854707764
TCGA-A8-A08G,3345.115750811923,2342.275446363794,1610.5913411784459,5897.698207758729,4365.873133324099,3320.6728753818225
TCGA-A8-A08H,4728.125009358444,4060.475827173661,3394.0138800143905,5532.5186034809285,5064.7073141947985,4528.931928023612
TCGA-A8-A08I,4121.863024283219,3643.181564252005,2662.29028665857,6521.082678427971,5761.373692424064,3581.5665603020934
TCGA-A8-A08J,3593.2556223502925,2179.7181739671632,1640.0275854190622,5935.287807563891,4569.668076915061,3300.434082109843
TCGA-A8-A08L,3258.739550818971,2577.8625106481486,1556.997762535535,4181.61733295231,3735.6707613126455,3509.9478691129643
TCGA-A8-A08P,4078.9645178722203,3503.1965160750897,2717.897174299269,6542.9118494217,5471.228284302279,4098.49806374515
TCGA-A8-A08R,3868.368331798234,3423.1332450663267,2721.8953454138828,6200.7581212465575,5237.520278783262,4189.331909654216
TCGA-A8-A08T,2947.1084160052233,2032.9686999066616,1510.5894493138112,3140.8439648071653,2860.8143502236417,3202.5047325189153
TCGA-A8-A08X,3606.2904664251873,3383.566151219122,2413.6706374118385,4697.274980017171,4492.485498339833,4020.737026072493
TCGA-A8-A090,3651.5599817426355,2999.5518169791467,2299.2008297796983,5660.939460916803,4531.1647299187625,3919.2977027636134
TCGA-A8-A092,3068.1129178730043,2099.623798338731,1422.9737173853391,5067.946488058906,3920.747629325422,2782.1462423045887
TCGA-A8-A094,4002.2394976945725,3430.5818244205348,2661.942718123544,4959.093166282984,4659.564644038908,3856.2937482512807
TCGA-A8-A095,3361.257167528207,2365.706452961158,1521.7943402300734,3974.8706237517963,3349.2645266312556,3245.056630121837
TCGA-A8-A096,4106.419514718122,3627.328935720074,2953.0228404780955,6033.975882991661,5207.431798285403,4668.970068883211
TCGA-A8-A097,3568.913596790504,2457.427158344117,2131.4096959481412,4670.193549536769,3841.8816865542685,3808.852409047584
TCGA-A8-A099,3145.3052064260028,2106.302913515963,1272.3818309187554,4434.912483205977,3538.9271656005603,3108.674688401641
TCGA-A8-A09A,3500.245954462398,2599.3723595784486,1911.2622500671241,3958.536883076502,3554.104837517494,3507.69503017653
TCGA-A8-A09B,2995.876817864477,2155.8229614612083,1294.235250276768,3996.4100368371583,3101.545803946112,3895.379887852727
TCGA-A8-A09C,2864.6395251964914,1945.3232392399623,1028.4665881501896,3323.1618570291066,2771.4914767941227,3012.1034049184855
TCGA-A8-A09D,3667.9894495370554,2751.8000119902063,2057.4283464487635,4979.207103974206,4200.571672290744,3509.421512040848
TCGA-A8-A09E,2944.640982951545,1916.724025317193,1353.132961880303,5947.641318731614,4272.644432463758,3439.3191546687103
TCGA-A8-A09G,3440.5440462677616,2876.173116943379,1662.2040598025524,5421.208873012343,4492.702442155542,3274.7513748067213
TCGA-A8-A09M,3418.5309988229164,2629.4918094249806,1906.1787511341445,6288.815027108265,4978.210508979222,3439.758591937736
TCGA-A8-A09N,3219.9742325298703,2179.02590777556,1553.6956916733725,5128.1479370803045,4047.4519491514366,3218.8861218727907
TCGA-A8-A09Q,3536.8497945338877,2885.1714767744015,2291.3266088252913,3906.249664952371,3750.277970105697,3563.7509635794813
TCGA-A8-A09R,3715.5773351534444,2886.4644766120837,2196.9769135552433,5787.16697582405,4730.641120973627,3790.6848265636836
TCGA-A8-A09V,2677.617334157194,1855.552961051184,1113.431072593834,3573.4182391195645,2774.6282973344332,2928.286714308857
TCGA-A8-A09W,3467.805495870105,2354.443439164492,1695.2190968694104,4982.2561633299665,4123.250699406099,3023.860867727768
TCGA-A8-A09X,3922.937111375526,3249.1463413200454,2265.975668945721,5323.50770796946,4777.030011446295,3590.500577769182
TCGA-A8-A09Z,3585.6636437247307,3317.3612727107065,2355.193847501294,6357.886992193999,5293.113558933279,4592.60798602234
TCGA-A8-A0A1,4084.0222142412895,3339.4026396259396,2558.4121384321916,5198.245047488428,4658.323063752832,4203.753952482308
TCGA-A8-A0A2,3004.551750397408,2374.186728308441,1717.0911266371604,3689.338886536736,3351.883681180925,3615.039512774103
TCGA-A8-A0A4,2709.794478911279,1774.559586379797,1132.6606829078792,4609.423137160462,3547.105271574337,2819.510372185501
TCGA-A8-A0A6,4058.4397206275717,3433.8049620912407,2561.223217773364,5554.750475705256,4893.224584752119,4113.620941371937
TCGA-A8-A0A7,4384.031845847363,3949.6893046016285,3091.4115832244806,6531.988180097749,5923.545986944602,4166.298614847683
TCGA-A8-A0A9,3249.6219838854613,2737.799182437351,1997.1435926525446,5592.891519957904,4369.083399407662,4131.277028185414
TCGA-A8-A0AB,2460.423849216875,1519.3286876040147,835.9600815791091,1966.074456904449,1724.5686270807037,2862.4240476087634
TCGA-A8-A0AD,3245.283693204614,2413.5592534511306,2112.224020366064,4022.7456428946334,3515.9530035868192,3820.4963670523157
TCGA-AC-A23C,3595.9587544827064,2755.9828262161827,1930.0838800202964,5321.664600666369,4378.476584048016,3512.2162893610257
TCGA-AC-A23G,3869.039363553764,3125.062036497002,2853.1802745072255,4201.749525813651,3905.1069636635093,5460.61646390352
TCGA-AC-A23H,3198.386123962551,1971.6705312775448,1493.0480735375022,4114.836473619298,3298.173083811196,3598.967527888908
TCGA-AC-A2BK,2789.2222421515744,2105.0631346176724,1203.1243087339408,2995.0462520823403,2529.8768945539996,3273.2183677581143
TCGA-AC-A2BM,2988.8556111544967,2049.351921457328,1842.0501092909835,5557.290930977953,4136.705395759429,3320.0113813806856
TCGA-AC-A2FB,4172.087298434501,3728.3475403409866,3080.185528598966,6689.545660309874,5752.519208833111,5159.133807896074
TCGA-AC-A2FG,3200.7887475318694,2465.2059791417687,1516.0202859798046,3618.7146431505535,3130.9453381533913,4096.027976242776
TCGA-AC-A2FK,3398.780533206571,2930.6427957640954,1998.7768236502343,4115.977688686669,3647.0527704429496,4583.206889116533
TCGA-AC-A2FO,3830.5469224769167,3324.047751655109,2521.984480924317,5175.183292026937,4662.490821532721,4904.274094689088
TCGA-AC-A2QH,2580.612037561803,2402.461995780921,1695.9585600878363,2956.631692743338,2591.064721534003,2948.667612066445
TCGA-AC-A2QI,3518.07829759816,2827.5417106090044,2010.605145137015,4649.635024089524,3954.913496855186,3988.3304417076943
TCGA-AC-A3BB,3898.2108189469236,3676.100125084082,2702.2238755000653,5374.26116215874,4683.522022837837,4976.270956604858
TCGA-AC-A3EH,3063.0846681130497,2374.8191728400907,1610.382956026464,3685.857898017499,3109.124451996193,3547.5884944720983
TCGA-AC-A3HN,3812.927945234451,3326.4451345940524,2416.6205803071734,4957.736915581701,4298.2977242256475,4482.539754585787
TCGA-AC-A3OD,3737.9143912888685,2840.9322982803824,2349.4311014329232,5415.209774125247,4606.303880502066,3590.8639004126326
TCGA-AC-A3QP,3411.042821967947,2941.3437989757986,1997.3975204321814,4633.633300298188,3803.2331285293476,4184.5044577472945
TCGA-AC-A3QQ,3373.198566252813,2638.4003834174327,2109.5399670700062,3820.116778149828,3607.708754835832,4165.8289563745075
TCGA-AC-A3TN,2822.6025372956738,1874.4627521870752,1029.876764147817,4026.929156126973,3000.5748139481093,3411.0173806805087
TCGA-AC-A3W6,3661.9330128687816,3256.2115402029704,2361.1102958466727,5405.367574578366,4660.069794606801,4400.182266973821
TCGA-AC-A3W7,3018.3250305705587,2459.8733332411066,1539.657448220556,4212.627243624685,3342.349897185388,4147.846919300275
TCGA-AC-A3YI,3723.799694901125,3636.84599528129,3273.313754902516,4434.380177657273,4257.731793746969,5877.793328064274
TCGA-AC-A4ZE,2740.598932023493,2091.3824570940833,894.7935493688547,3511.0042967299996,3001.37373971504,3413.369516574936
TCGA-AC-A5EH,3581.5955608515414,2821.4573167529143,2070.5813839168222,4692.412957105249,4120.847872286975,4474.707154593963
TCGA-AC-A5XS,3814.1705573910494,3381.2244283850123,2529.04930835527,6451.656067225009,5226.2761816537095,4946.167003164945
TCGA-AC-A5XU,2943.015967945563,1960.7315959717434,1074.6050477967965,4006.6258219245283,3160.8590628128823,3195.2712189768044
TCGA-AC-A62Y,3897.1137605709955,2988.5003918202146,2592.099966571708,5928.807851272311,4668.26408418318,5338.2204806079335
TCGA-AC-A6IW,3953.213514583733,4040.467861859888,2891.999588884584,6654.6954816385005,5776.8302991030705,4574.53982172326
TCGA-AC-A6NO,2582.761956163946,2002.2123747322512,883.5429058908885,3764.0362515388697,2952.1139901883907,3243.918794276966
TCGA-AC-A7VC,3266.2936124836233,2575.0813238349456,1682.559278887591,3479.9438950032436,3058.072568969177,3745.9382876019117
TCGA-AC-A8OR,2847.8309178067775,2288.6850923898346,1574.317349898629,4391.372510859483,3319.284687626541,3631.790252197443
TCGA-AC-A8OS,3433.347667160633,2893.0474151834715,1939.2138043520335,4472.301145249565,3908.6198344607255,4050.385207614836
TCGA-AN-A03X,3619.3402535948044,2532.510948735606,2003.2493318720717,4854.600864559896,4005.7938166376352,4363.3579200924905
TCGA-AN-A03Y,2885.2620839477113,2322.9756456233863,1418.3977443113981,4321.013783937831,3512.722653407822,2892.4913538867277
TCGA-AN-A041,3327.1419390144583,2301.576574911507,1448.720823465621,4197.245724929144,3496.778691242529,3556.0614545649933
TCGA-AN-A046,3850.6344228933613,3111.356662933955,2561.2568987313152,6206.536546929397,5105.297235577167,4931.174142012156
TCGA-AN-A049,3630.7763634017356,2651.409624775688,1978.6735860674744,6130.873275502063,4589.667664892437,3857.6835262222376
TCGA-AN-A04A,3243.6795851487586,2378.2135803838482,1815.7649297360658,4456.23846463118,3701.684757999128,3992.599878151983
TCGA-AN-A04C,2991.615132605366,2482.2684410200472,1317.9568750217932,3638.5175327014076,3240.8588905074357,3639.355345514996
TCGA-AN-A04D,2204.433541183871,1386.6857721195702,260.0263401320317,2358.923343284261,2058.7033354354153,2529.5086934388455
TCGA-AN-A0AJ,3603.3111332273547,3012.852324297857,2221.526528258313,5321.999072396749,4688.241157531549,3628.7368110983352
TCGA-AN-A0AK,2778.49480675654,2027.5297846351787,1085.439629753384,3671.1323681729154,3114.4375134773327,2718.1993421464467
TCGA-AN-A0AL,4029.219232614454,3286.283755861292,2903.325729561604,5858.921266807874,4981.35624123637,4922.2650586954005
TCGA-AN-A0AM,3686.788102508117,2948.7253045730595,2091.810422316519,5953.247873391005,4992.529130982173,3886.435019487344
TCGA-AN-A0AR,2446.900346423199,1325.8527151860144,451.7248562379882,2252.4330411694827,1965.5248308351584,2322.6566896876284
TCGA-AN-A0AS,3766.9110697434335,2977.2365998618116,2342.7319419205196,4227.29015180036,3769.4475362589546,4152.020119333518
TCGA-AN-A0AT,3235.0760987242666,2568.497365327132,1990.9634399788465,3804.4965864061724,3579.4883648122322,4055.424607669953
TCGA-AN-A0FD,3231.6497837133466,2713.6602413359615,1891.1833721524345,5916.291139154535,4637.181319647285,3855.920879323112
TCGA-AN-A0FF,3547.638407650389,2827.7014397809617,2002.8226955871578,5939.6208268731825,4535.577375538234,3864.8621933655522
TCGA-AN-A0FJ,2681.290243197054,2195.3770432591355,1514.294058909476,2848.60007330561,2744.7935295042716,3404.802673019287
TCGA-AN-A0FK,3215.621341344873,2019.6595909555363,1235.592881033077,4379.94235345171,3309.7924395299415,3321.449854552211
TCGA-AN-A0FL,2933.5778225221893,1979.4656005882734,1454.7281606236666,5163.462357961207,3641.088179103537,3293.329859805859
TCGA-AN-A0FN,4536.63729050387,3918.6008427036177,3259.1140268105282,5407.308265380716,5099.115978389953,5527.794465262436
TCGA-AN-A0FS,3075.218453604055,2347.014220493169,1502.4995311175408,3923.3130281627527,3318.590840992525,4070.4574482623448
TCGA-AN-A0FT,3477.4581462032875,2757.578304471246,1763.8587215808147,4075.1063783576483,3538.5170744792613,4102.4014746852245
TCGA-AN-A0FV,3044.632505561309,1754.547503048174,1135.2707176884505,4279.064810698281,3399.04978302324,3167.037040112533
TCGA-AN-A0FX,2954.695449772589,2154.8738902709756,1174.1204428101464,3454.5862008816584,2905.821268661095,3551.7312589682115
TCGA-AN-A0FY,2812.9342631044,2431.996145284631,1410.2525386467532,3799.1871445707075,3171.4356027994054,3343.5652231867916
TCGA-AN-A0FZ,2906.202484655898,1936.2183261746013,991.3258492136592,4184.240346704213,3191.030690971953,3031.0508230612886
TCGA-AN-A0G0,3371.2822998960964,2489.2574550508543,1771.2427915405278,3809.678266348592,3315.9764757237135,3514.734675557853
TCGA-AN-A0XL,3339.338461864161,2611.1361075360837,1722.1255025715018,3723.6088635195774,3323.702842557317,4432.521489212133
TCGA-AN-A0XN,4056.418642625227,3281.033101205894,3130.9161841287205,4992.86401594704,4477.93252428744,4850.837411974166
TCGA-AN-A0XO,2987.5812055724073,1961.5348146011693,1421.7279814810772,3951.914567892014,3201.549330589758,3677.416205089041
TCGA-AN-A0XP,3556.8687039245815,2354.3812634887836,1718.112388541409,7069.963119539909,5017.009876551472,3675.9518831544556
TCGA-AN-A0XR,3024.329483697731,1871.647494991481,1221.3861869315551,6559.219270453223,4633.670805579781,3405.024515475632
TCGA-AN-A0XS,3465.412785775694,3133.255727038273,1974.1008906285952,4649.359554908384,3989.3509721789214,3928.727004530325
TCGA-AN-A0XT,2988.927107908985,2032.719701175658,1283.3842231484996,3966.39076276744,3119.6037478808103,3840.1935483919824
TCGA-AN-A0XU,3512.403248944225,2852.347362846014,1898.4315277571823,5234.426538117821,4408.063619312348,3642.9124092443835
TCGA-AN-A0XV,3415.1112758409363,2747.034548867543,1971.8722331386452,4857.447239504178,4124.444817147358,4293.818244971635
TCGA-AN-A0XW,3948.756178776819,3565.244648180378,2796.6208932975424,5813.758313368246,5189.019205277778,4713.83341532232
TCGA-AO-A03L,3436.3791678998405,2493.242794890426,1969.1080552016538,6131.282521541263,4703.783447870328,4052.8879229842114
TCGA-AO-A03R,3430.607223044786,2915.8196420589666,1881.9407795945808,4655.431553884442,4017.437057867901,4248.0032865161575
TCGA-AO-A03T,3131.534044494718,2511.625816660502,1338.9346928151444,5498.106522886295,4272.098369289572,4059.386292770132
TCGA-AO-A03V,2979.810282992903,2020.9034052487368,1383.1583112059343,4583.889625525446,3498.0937381243166,3815.908798561173
TCGA-AO-A0J4,3800.4863771311393,3413.1765441504194,2728.0683499564493,5863.672199837596,5019.70305081832,4532.276361320315
TCGA-AO-A0J5,3180.105877176129,2412.7579100916246,1583.0204423825635,3554.7105905858916,3168.598363445908,3744.6468761029573
TCGA-AO-A0J6,3870.360180494641,3491.4372381879293,2750.2681734948656,6709.991031293937,5578.59180088906,4648.161774339929
TCGA-AO-A0J7,2452.962276106893,1660.449335535508,913.2547821958779,2930.5014431290183,2410.2998285788017,3313.969580322573
TCGA-AO-A0J8,3613.34621063524,2872.3663377823214,2143.378076913059,5724.597551603594,4545.643958939003,3829.170036289539
TCGA-AO-A0JA,3741.5931410676585,2442.193746248675,2014.445537475087,5037.034095403096,4038.8270729703927,3801.3945101455756
TCGA-AO-A0JB,3175.4361665525757,2353.7009079738145,1483.3663947181522,4293.6047030157515,3453.842589388976,3904.1588601767817
TCGA-AO-A0JC,4688.372275679689,4691.016842741072,3267.9255958934154,6507.247524955868,6254.178048962058,5016.888927149823
TCGA-AO-A0JD,3428.6163587063256,2546.4784927109504,1626.1887487684871,4681.821132118443,3907.6004023327714,3299.201924789295
TCGA-AO-A0JF,3864.3450127109663,2988.0813294775617,2259.3021353815075,4500.408200860182,4039.2759283673768,4098.442291122623
TCGA-AO-A0JG,3577.018866905948,2722.075527934632,1878.2611739555177,4852.754709310577,4254.166431090123,3998.594663434682
TCGA-AO-A0JI,2532.134401488227,1674.2172435279772,1135.220789034005,4390.386978012979,3322.7762783097896,3049.1151097175734
TCGA-AO-A0JJ,3822.2970922149198,3419.3475430471426,2445.018799032776,5236.97301766358,4587.54637849318,4496.652494244214
TCGA-AO-A0JL,2896.4332068924105,2214.9395233823816,1007.2265543830181,2893.7569415928865,2728.462107573361,3598.7322585908933
TCGA-AO-A0JM,3491.98052731192,2744.0522873935315,2066.1941915946863,5781.81235638171,4544.883820278925,4419.223033404229
TCGA-AO-A124,3147.356680829598,2619.69172643787,1911.830225133148,5486.721605678127,4239.168020026254,3772.712057988112
TCGA-AO-A125,2574.3032151510542,1867.7072169855837,831.0551395034036,4071.8466872367426,2924.589873509105,3547.734549633831
TCGA-AO-A12A,3358.5902058616757,2740.04487559884,1933.9978278265899,5139.306848649016,4177.540389865646,4477.065661267508
TCGA-AO-A12B,2854.689292469304,1835.0141555983319,899.9033520147095,5354.52479939998,3784.1637008754496,3015.752720553186
TCGA-AO-A12D,4120.405115397143,3422.9310761749675,2856.6323388243363,6064.997797678227,5331.306445295917,4516.2017749730385
TCGA-AO-A12E,3574.04831547868,2882.2645870461347,1962.0250592037937,6171.034343769867,4671.199212633814,4421.298904443111
TCGA-AO-A12F,3001.251515972286,2512.354528180602,1483.2912322223237,2888.299098573065,2737.7671838142433,4025.391760782115
TCGA-AO-A12H,2739.2824091195525,1881.4714300370142,1143.6183329008018,4699.999067082512,3546.3761443561543,3393.2725546524725
TCGA-AO-A1KO,3165.3331270662275,2392.2773961744842,1768.3707667758827,3480.0121899052156,3043.2258988323356,4102.006869225859
TCGA-AO-A1KP,2282.0300963090795,1437.3002996959513,1024.55857081678,3987.977081920548,2766.0372390135108,3134.2435364549983
TCGA-AO-A1KQ,3517.143150084321,2814.179520292637,1849.210044733416,5617.9966169753425,4554.333305091806,4096.539700216543
TCGA-AO-A1KR,2978.8750338293266,2491.981539984192,1384.0321422691286,5475.588027380423,4363.701819311998,3857.484956447912
TCGA-AQ-A04H,2884.421554827917,2274.6066164938875,1301.2672085548365,3592.9421305294345,3017.563681579588,3605.083205574656
TCGA-AQ-A04J,3903.219254894495,3311.9951206691403,2619.689280846387,5139.874134998907,4597.3279458383695,4530.7749937549215
TCGA-AQ-A04L,3041.073742304432,2547.009001912009,1712.6453721160415,3692.9291830264465,3291.453042219735,3962.861845458343
TCGA-AQ-A1H3,3477.8969255814627,2803.597375209283,2262.573023361527,4871.740691646986,4051.9207891313927,4536.678248018579
TCGA-AQ-A7U7,4220.51648659067,3909.706847365276,3244.0391663325972,7299.876319158042,6274.157903895015,5108.460325699423
TCGA-AR-A0TP,2711.732539421415,1575.0838640504753,924.9585183110557,2241.677244393999,2014.2218176974948,3699.0251529267553
TCGA-AR-A0TQ,3573.456885142139,2949.8151079524905,2113.1388415799993,6234.121392820327,4987.382335061449,4189.834213045882
TCGA-AR-A0TR,2420.408779072777,1590.5443073861315,727.0463656497213,3607.357495867529,2692.349335145773,2228.5722986169585
TCGA-AR-A0TS,3847.771212034966,3666.751236215887,2484.7023529054622,5121.275463994603,4767.559989358513,3810.2660169033516
TCGA-AR-A0TT,4212.704104761593,3892.1167552500374,2985.5220301308946,5794.953068015413,5337.855622109659,4354.665041646831
TCGA-AR-A0TU,3410.9112360113486,3043.710066156991,1925.807804730157,5902.860261453632,4937.3743057793035,3838.5197574422727
TCGA-AR-A0TX,3873.08523658424,3521.1037726726117,2378.6113393379837,5097.257531820136,4824.068113484358,3980.0438051714227
TCGA-AR-A0U3,3104.1458652277106,2086.0208252571556,1483.854857342818,4555.0456611757545,3625.055152670544,3170.6331880591333
TCGA-AR-A0U4,4602.317550484084,4761.932951324756,4085.9205109532195,5216.250149862188,5220.121586997657,5754.507566175998
TCGA-AR-A1AJ,4621.511904900048,4732.307428116532,3756.3062169670884,7534.941486008051,6579.505405599184,5152.85056222901
TCGA-AR-A1AK,4006.976757124301,3717.070160792231,2820.285603446082,6825.0282859118615,5597.594490918225,5020.983537800912
TCGA-AR-A1AL,3504.374731111331,2849.4562454186944,2239.7035934679698,3860.3838743204797,3628.1601538648283,4692.129544938254
TCGA-AR-A1AN,3440.5545192729787,2588.7107054740045,2040.903998431626,3718.5686503063425,3320.0243086681057,4050.477594379985
TCGA-AR-A1AO,4864.811774193186,4250.353947243222,3664.8254691268576,6227.853896788749,5613.753243818852,5509.389324706957
TCGA-AR-A1AQ,3956.6501877853134,3686.492038412689,2740.6840207889,6464.794111129673,5648.7634984074175,4329.854166537563
TCGA-AR-A1AR,4286.87192374103,3972.4175235096773,3442.985853563323,5629.426197475812,5047.043579405548,5021.118847444124
TCGA-AR-A1AS,3222.6228668158838,2065.2147907479703,1417.1435799994088,3178.4166548572593,2721.6461200527665,3870.672961661403
TCGA-AR-A1AT,4013.4637008194677,3529.5121362875107,2659.2119054822942,6341.439684783061,5329.2176697851755,4517.963686930016
TCGA-AR-A1AV,3277.801332066114,2036.4277307426528,1522.6788199763778,3552.246782724882,2943.470198390398,3723.8490205052294
TCGA-AR-A1AW,4411.254949840908,4290.3015752775955,3273.2928862598856,7073.48970547809,6380.876328795401,4364.774162218124
TCGA-AR-A1AX,4001.7163362122283,3640.886464468047,2806.2895117449134,6708.151092125021,5652.663253672972,4330.613492839248
TCGA-AR-A1AY,3200.185796344327,2511.9915075800855,1600.6667794756777,3310.9189639880005,2998.7297793476228,3981.9646216993224
TCGA-AR-A24H,3110.555208167163,2494.484554389952,1562.0441363411574,5845.061019262896,4442.4258485117825,3621.5404690627347
TCGA-AR-A24K,2445.3227478133485,1574.8107768751197,1222.1489468030668,3363.550988809562,2652.310914985601,3382.2901303277777
TCGA-AR-A24M,3465.0585383513517,2205.1460434778182,1829.8741435965767,4450.351033019284,3565.7954658336275,3507.5685821099923
TCGA-AR-A24N,3344.860806043871,2141.666113372221,1701.5336035513355,5798.648352263101,4572.825437077387,3876.809658375416
TCGA-AR-A24O,3993.6556529564677,3192.8757888273813,2695.9129096308025,5335.105277967683,4551.415277265836,5081.938270250277
TCGA-AR-A24P,3375.876797878962,2470.3528128451526,2082.58888359686,4610.839715466469,3820.958759521849,4138.725297936267
TCGA-AR-A24Q,3474.996084358787,2660.3447968607143,1985.7362444511127,3774.598376522481,3718.7764752125295,4109.251775752837
TCGA-AR-A24R,3456.110609206915,2497.537437735842,1634.8447152695808,5965.345587312329,4654.696710098671,3264.54198646001
TCGA-AR-A24S,3983.279064586108,3454.153736358019,2973.8694215003197,5933.0641973945585,5008.282647532871,4378.861363505721
TCGA-AR-A24T,3557.624652767836,2624.7841024808477,2146.059245130784,4740.247524821039,4069.4292297138454,4038.8643897500224
TCGA-AR-A24U,4416.847462081096,3794.6490178678814,3252.7506401253922,5552.559535575403,5045.615846327826,5044.242584323301
TCGA-AR-A24V,3786.0926422265766,3111.6244719949227,2566.9255769037336,6150.258417614976,4865.183907097067,4380.121791365435
TCGA-AR-A24W,3404.1069096411175,2640.2006213659006,2152.226975805921,3512.221911532559,3334.023861353897,5314.320972007688
TCGA-AR-A24Z,3334.05255917461,2288.226284167924,1740.883207425748,6163.996814614746,4393.337826980995,3325.1102702175485
TCGA-AR-A250,3661.9061806995633,2783.9315661277597,2315.0865137362744,5482.403721284538,4600.847386290439,3877.5140736994454
TCGA-AR-A252,4422.4351745899185,3674.3638204069302,2954.708458582265,5956.373247629015,5488.330815722036,4316.404899962132
TCGA-AR-A254,3917.146074755643,3389.778290564609,2922.386802047389,5317.569124574322,4748.678804892648,4216.068679050928
TCGA-AR-A255,3707.502421401987,2940.853974136182,2393.4964241981797,6631.23284411368,5193.6541284851955,4057.6776224916994
TCGA-AR-A2LJ,3758.4598283962514,3374.796819192503,2412.445597745018,4811.209214797245,4179.432025007167,4603.305960953634
TCGA-AR-A2LL,3236.383730280366,2298.8804258300206,1417.464303335917,4017.623487620056,3375.2948802516257,3413.5451327524297
TCGA-AR-A2LM,3226.2647514957443,2543.6349782569323,1928.0420552696523,3896.438748535784,3474.754322591567,4301.426054269603
TCGA-AR-A2LN,3747.840597007693,3191.8628266543747,2731.717241043769,4821.744421482272,4271.294591442491,5480.101940064897
TCGA-AR-A2LO,3608.0888618567824,3223.171116322357,2377.1599679211304,4671.177890922207,4160.736826555036,5027.429025908843
TCGA-AR-A2LQ,3757.7513305225257,3182.2565066194347,2358.8703072616663,3801.5294803820507,3580.996415256279,4890.362995773718
TCGA-AR-A5QN,3571.689547167027,3054.354580478066,2096.3090523741375,6284.789446930337,4786.006395715745,4796.970800502069
TCGA-B6-A0WY,3450.083375521388,3015.642337834668,1980.3181367582438,6421.639191152532,4855.582861487723,4143.804262359057
TCGA-B6-A1KC,2621.3990029511497,1602.6981888243663,833.6193168517821,2871.139085033343,2300.76472875955,2539.5502804383177
TCGA-B6-A1KI,3198.893987753314,2308.5210383029007,1172.2004637346508,3889.200282571439,2963.01443985297,3242.5023799437076
TCGA-B6-A3ZX,3802.6721196781637,3369.009353986132,2354.7960334959553,4853.837500969674,4586.975897158753,3980.8508054927697
TCGA-B6-A400,3534.1272687398214,3012.6103526900934,2541.164256043796,5486.071730041413,4568.84431743901,4993.059389058
TCGA-B6-A401,3534.637896192802,3072.2402310540456,2094.1603532632835,4676.012648215517,3919.947905087929,4962.338406701638
TCGA-B6-A40B,3255.2811107904454,2640.705587403194,2041.1855275852213,3782.666144187455,3350.275358473662,5114.104769630168
TCGA-B6-A40C,2935.498137201117,2621.6271839712135,1741.9096817045884,4872.751714799526,3789.879677870362,3602.535715563701
TCGA-BH-A0AU,3344.8021265358548,2430.0913514962413,1689.7043386830355,5031.2220453311675,4035.1475157851237,3392.3658453038606
TCGA-BH-A0AV,3644.8543826840687,2967.682318327743,2547.986187583705,4139.838065435188,3818.981755526518,4609.721420225082
TCGA-BH-A0AW,4173.190995985875,3575.6891813211823,2610.2570598580805,5189.062490296343,4819.827343680119,3993.887114910729
TCGA-BH-A0AY,3787.1008734040824,3065.1467591974033,2269.2360761107357,4844.452357739785,4223.681520053249,4404.597053589623
TCGA-BH-A0AZ,3717.7681473866996,2852.618572093521,2154.5533040169776,4694.678498442978,4041.1682216313748,4265.2640478922385
TCGA-BH-A0B0,3725.821664799163,3064.8933723607624,2356.4138790331417,6355.76093981809,5070.842000020224,4214.860497594671
TCGA-BH-A0B1,3450.817341844422,2374.227854431336,1831.29353269509,5742.211942627973,4366.937269671056,3864.839599900193
TCGA-BH-A0B3,4042.9066522179146,3508.0860906539874,2673.1356017715443,6433.6543019299115,5490.438398220031,4501.2297092139925
TCGA-BH-A0B4,3456.685438491566,2727.598101025318,1959.2315969023439,5215.024622566103,4336.289976250277,4110.826279238941
TCGA-BH-A0B5,3491.502466545089,2650.133802357708,1986.282029270662,4994.2035203173255,4129.879343099574,4328.416643836252
TCGA-BH-A0B7,4199.540803287418,3375.7546136713718,2747.222425860782,4945.171490815232,4555.510769195778,4879.724002746338
TCGA-BH-A0B9,3398.328448989474,3114.243452923085,2098.1660154736182,5570.307840136353,4751.493228881996,3590.4479953472146
TCGA-BH-A0BA,3277.5536468959563,2416.1843985598243,1502.9112253980948,3815.0320957994336,3350.2792466730734,3894.107526237347
TCGA-BH-A0BC,3913.8974162763025,3232.458967951272,2381.7264687493225,5821.575445063032,4780.638523149579,3905.425769089121
TCGA-BH-A0BD,3820.6433367259433,3215.4284284802707,2444.893065881037,6164.864833983358,4977.990380323041,4424.704994461825
TCGA-BH-A0BF,4355.936522477805,4050.935874481058,3211.074645361781,6980.248929039739,5969.554090416621,4725.112452494608
TCGA-BH-A0BG,4033.2176193287687,3713.5988650102026,2708.7585828012834,6692.165860812831,5649.960491792359,4608.411358036865
TCGA-BH-A0BJ,3410.174039695712,2616.805931062647,1878.639763863419,4201.110777978471,3604.3267768174246,3858.2096251596813
TCGA-BH-A0BL,4229.95184065777,4152.678487701309,3002.2431084399304,5638.682644438602,5085.74633436902,4865.366758387936
TCGA-BH-A0BM,3246.15125463804,2479.9842366526627,1553.0904896345364,4074.8914243636063,3405.2667703728694,4423.307619903881
TCGA-BH-A0BO,4140.825980895446,4026.97768966639,3690.1579684640546,4396.345579815688,4435.051151817803,6406.527512676579
TCGA-BH-A0BP,3458.18050052159,2824.8680054987144,1899.1905306489698,4160.243113064262,3648.8119420993553,4517.383421802355
TCGA-BH-A0BQ,3671.532157293572,3148.0387481582948,2625.7293432648385,5753.0345717105065,4677.443909711523,5037.211432601876
TCGA-BH-A0BR,4056.7030368745272,3216.448682352133,2583.558959790038,4641.26533364374,4206.1466824792205,4600.626370248798
TCGA-BH-A0BS,3069.2674924190924,1905.8101494646799,1353.8337912720217,4073.2039930441315,3203.120966358223,3206.0698115699015
TCGA-BH-A0BT,3327.797004940923,2817.6615138979287,1603.0876749440122,6408.287957412296,4900.401867220482,3559.3953033555954
TCGA-BH-A0BV,3665.8419544381923,2838.0084045600743,2175.901591397849,5586.370472025272,4386.857585917562,4011.5613422251117
TCGA-BH-A0BW,4372.2373521482,4050.53666400343,3420.9948630181098,7540.358564937815,6365.958876212466,4804.525788748417
TCGA-BH-A0BZ,3903.3452344985817,3555.1257643247227,2687.4910732152657,6822.456437774328,5598.82999171825,4209.368330858064
TCGA-BH-A0C0,4018.5297413375483,3898.2770060002167,3004.337570275189,6425.788565540901,5680.075443747952,4338.794261977915
TCGA-BH-A0C7,3236.9154749047484,2404.523498930068,1600.011239875601,5919.905049715546,4491.31798196841,4157.71846732658
TCGA-BH-A0DD,3059.626700001778,2052.556416267067,1676.587212043094,5887.116119708438,4530.473926110013,3577.299939553608
TCGA-BH-A0DE,3809.159792880271,3200.4432769904415,2477.905658959922,5022.6742057551455,4418.197173400058,4955.187279174668
TCGA-BH-A0DG,3790.4912876000344,2809.8156230505974,2186.2985390099384,5412.440123260318,4502.374616024206,4013.057459189078
TCGA-BH-A0DH,3125.7539761563658,2398.170981664347,1459.1233423540416,4985.188062609404,3899.913674192361,3243.4818179489102
TCGA-BH-A0DI,3756.0859960165635,3039.9413278667034,2394.2735765619746,4680.4410595353165,4159.892742373706,4612.099630882842
TCGA-BH-A0DK,4124.612669152664,3638.1474966317073,2795.939836826514,6454.0401134687145,5445.408422502227,5099.548644212557
TCGA-BH-A0DL,4390.972593668392,4136.3932917307775,3357.9111178400035,6583.680014994265,5753.533083007067,4965.470746522453
TCGA-BH-A0DP,3713.478701766773,2897.0177221037065,2310.195703890133,4816.6423732547155,4101.908824324744,4679.310481183011
TCGA-BH-A0DQ,3624.23390964988,2561.347534063685,1815.6801942881375,5150.99930739206,4069.0754976360313,3875.099358468191
TCGA-BH-A0DS,3746.235705869538,2870.3714502692,2189.6648123178984,4458.035232242439,3919.297640413959,4214.530117177172
TCGA-BH-A0DT,3453.5594188324503,2882.1613056081333,2230.6832260486517,4841.353166976551,4106.632710981365,4620.19859999089
TCGA-BH-A0DV,3965.289157668205,3019.811867939703,2506.662703735232,4304.307227486883,3964.682907209075,5091.764424550738
TCGA-BH-A0DX,3936.970277984112,3146.686713321438,2321.2785919998005,4343.705613103935,3932.199092782732,4550.893140797707
TCGA-BH-A0DZ,3914.657497938304,3118.127153418365,2606.9748166623704,5286.134782226087,4639.05660429534,4656.444297715432
TCGA-BH-A0E0,2824.7501518010595,1937.3304368901845,1046.061618973452,2429.8060435251064,2436.1388496822947,3096.6535632530467
TCGA-BH-A0E1,3012.893608991777,2125.9796192966023,1438.8086896923487,4490.686759232303,3280.8660098831842,3835.6579268188307
TCGA-BH-A0E2,3306.435307022479,2622.604439842429,1733.8903015130509,4515.602924577104,3870.382534834862,4220.647556729451
TCGA-BH-A0E7,2790.1397812611576,1761.5935345478374,955.6957753252118,3736.136465199321,2862.827728607168,2874.878053903685
TCGA-BH-A0E9,3279.5030513547536,2435.6024286706142,1763.2825889203305,3914.1277347176747,3441.4709348255637,4264.746060123465
TCGA-BH-A0EE,3503.333803220472,2969.8218897842653,2097.577461027371,7256.607793609395,5559.245544856309,4074.7924138950184
TCGA-BH-A0EI,2982.104022552854,1794.551157127984,1510.2035011815206,3830.553166361884,3028.5155717084363,3171.158824642058
TCGA-BH-A0GY,3858.4525348861043,3078.193886239884,2380.2504106510223,5341.430181254667,4472.348247901897,4286.962014960945
TCGA-BH-A0H0,2437.5163383286017,1974.666339852316,572.5866632821926,3310.6102622377985,2705.6798808471067,2781.223176805772
TCGA-BH-A0H3,3364.785211018092,2715.1034411935943,2241.8970322184086,4258.744201363021,3813.6841657879686,4352.516417323295
TCGA-BH-A0H5,4450.731775133341,4284.053544576665,3027.8531776028685,6626.330968182918,6045.749689388846,4792.0434387383375
TCGA-BH-A0H6,3006.27459848919,2269.0652222283825,1581.9860865925257,3857.192913282488,3099.030272219674,4022.6790124709296
TCGA-BH-A0H7,3420.7939048628923,2266.702518729022,1639.8556490535102,4995.3544171622725,3903.9948717394527,3427.486447080737
TCGA-BH-A0HA,3611.100020146556,2955.7572885924055,2195.777398195374,6620.784155276428,5116.239325397244,4108.794711069584
TCGA-BH-A0HF,3896.6397106533022,3035.367737161325,2354.0323968537705,4519.208756665143,4016.561277100658,4426.789406767197
TCGA-BH-A0HI,3464.333302756324,2523.007549145146,1939.6586896186727,4653.563839075532,3758.3640071609334,4369.632550367638
TCGA-BH-A0HK,3398.0433445007166,2736.7424872997053,1872.4724966745816,4261.085381374041,3741.794838273254,4649.529827875513
TCGA-BH-A0HO,3456.0173727072233,2804.013798289734,2069.242848884076,6144.051369290875,4501.05452673077,3631.7479859255454
TCGA-BH-A0HP,3324.210621461889,2752.641661045238,1906.6765155454268,5014.452249884234,4118.892324799315,3756.743022287026
TCGA-BH-A0HQ,3015.790519553899,2065.135191978574,1374.7446640008438,3878.2244452264767,3073.6705678390736,3212.751577820296
TCGA-BH-A0HU,2835.567169045962,2096.821446390368,1064.3458768358887,4392.599626818039,3583.7331970855976,3124.6786994551567
TCGA-BH-A0HX,3232.2972517292656,2192.79736231077,1766.7644897009995,3915.859122287955,3478.495557542583,3877.133125400329
TCGA-BH-A0HY,2961.081139392536,2208.89662847776,1276.9834534983438,4290.593736162449,3333.244507889336,3394.2771424101356
TCGA-BH-A0RX,4353.262666271548,4300.180799174726,3373.0528717505968,6784.609911676949,6072.135615078361,4787.949863245554
TCGA-BH-A0W4,2945.581122115771,2438.8005629042073,1563.839390360663,3578.067536369741,2963.159438769977,4293.759779532844
TCGA-BH-A0W7,3892.068747342204,3409.9646694182793,2650.560051204089,6415.971683307749,5313.629122975613,4589.254776202184
TCGA-BH-A0WA,3416.7569712213062,2788.5760035708663,2157.803081907534,5270.633623355576,4401.532661210122,4080.938257348196
TCGA-BH-A18F,3578.8317417544386,2933.8249246257656,2141.6586234220576,4711.3571801569615,4114.499861479111,4428.802446187605
TCGA-BH-A18G,3578.6322040060986,2677.5091894969937,1929.7499405954459,4860.758645598513,3969.4495833998244,4258.379067167471
TCGA-BH-A18H,3963.9719727173924,3625.917907811452,2935.4541532007734,6129.963497293802,5338.360709133494,5059.318396566154
TCGA-BH-A18I,3904.650767946694,3217.8519289914184,2698.8275062818047,5407.030094323096,4647.107280793505,4451.401122455129
TCGA-BH-A18J,3413.26829714793,2442.110097620138,1965.6143889018167,4912.495974088879,3896.626526195034,3852.0042176574043
TCGA-BH-A18K,3245.7279668687534,2602.489530865205,1650.0358942053535,4514.481998426143,3652.3782592492753,3608.051454749153
TCGA-BH-A18L,2758.560977359266,1765.2822596155747,1090.9019894684134,5247.9275162324775,3945.302075465632,3208.6090299063108
TCGA-BH-A18M,3492.469526716992,2750.673553565439,2105.855704494674,5705.355415021584,4506.088301844884,4448.541394768208
TCGA-BH-A18N,2688.579332181287,1982.43503224696,1276.0937133072293,3723.3986079739407,2851.4840649887465,3095.883642360086
TCGA-BH-A18P,3140.6224920847926,2637.0170765824114,1709.5391916671615,4404.639421243512,3810.907407852308,3455.086904330805
TCGA-BH-A18Q,3571.479756635308,2975.7235311201985,1864.5710306650453,5629.361365572762,4740.167464253493,4149.099546387148
TCGA-BH-A18S,3023.9932338702765,1853.7283558745985,1210.8762113773355,3827.32755125726,3025.1977955378825,3379.35939711185
TCGA-BH-A18T,3052.0715163494006,2507.470680024535,1618.902789344178,4210.180717353049,3616.5172489740944,3650.235893581903
TCGA-BH-A18U,3513.1486797688867,2720.003613934561,2005.379370981982,5244.020680144211,4324.21920496149,3768.2751862753266
TCGA-BH-A18V,3883.9468618000465,3574.913288034042,3005.051612482257,5491.405951402512,5085.571265770934,4922.630244848087
TCGA-BH-A1EN,2911.1182039342384,1905.1669369311112,1518.5552871320142,3196.25559192547,2864.97041309381,3399.885329099905
TCGA-BH-A1EO,3822.830132743953,3070.995815719074,2705.070917142739,4611.3461815807295,4114.715069271941,4201.790516049205
TCGA-BH-A1ES,2731.1543179731125,1647.2150954540648,1271.691212250973,3709.7032118261013,2932.341557299009,3573.0438200423177
TCGA-BH-A1ET,3328.56046706057,2408.311674056835,1848.5885982178715,4132.746680355167,3636.4065457391443,3727.664928011929
TCGA-BH-A1EU,4104.111445743361,3515.783538884256,2684.7190531001543,5201.120790418048,4671.737312273215,4630.6450023583875
TCGA-BH-A1EV,2984.6406810329845,1938.0322233842962,1533.0028206970546,3452.5070458214486,2958.321679553508,3086.606827517826
TCGA-BH-A1EW,3846.885580479675,3459.9508689834893,2634.3159668165154,5912.174278101622,4973.1142583010405,4392.027308518915
TCGA-BH-A1EX,3827.3436322435355,2872.90488760108,2277.4554799545986,4197.7415383655025,3823.4821527655367,4456.812084558536
TCGA-BH-A1EY,3897.5659545799026,3118.5068810767298,2303.890038752048,4722.288443604128,4177.96985680211,4209.649973497244
TCGA-BH-A1F2,3882.242045977484,2705.566093942505,2314.7980293915334,4236.172047485015,3791.12605535271,4888.411138748421
TCGA-BH-A1F5,2888.2547157915415,2127.855929083962,1598.229073651848,3638.1920088018032,3106.506913161169,3737.4231953349354
TCGA-BH-A1F8,3492.0882252843385,2012.685670775163,1690.4709627351112,6049.892683740345,4567.480996116483,3257.203948600756
TCGA-BH-A1FB,3951.595231319481,3453.776587757109,2828.176398114263,5041.5141179169095,4703.55341870934,5190.518660722702
TCGA-BH-A1FC,3499.0618260249357,3481.8679714963946,2518.895422204014,5474.527985697898,5018.402754326975,3992.0727260055155
TCGA-BH-A1FD,3210.5083612063972,2622.988724648787,2235.0958877663143,5804.540644069544,4628.768890577909,4262.212894897062
TCGA-BH-A1FG,3043.524137532775,2201.859526232516,1388.8152430782284,5504.506769154808,4062.0961165932367,3237.60112261597
TCGA-BH-A201,3521.2757415544875,2829.8708970397583,2291.1349535676327,4621.746424301018,3855.219767738972,4782.830677237369
TCGA-BH-A202,3818.1619554705594,2967.47765431844,2292.2511255126574,5213.872499176165,4486.51305586168,3617.0808738478136
TCGA-BH-A28O,3099.2644989911387,2657.810507866243,1755.5749329850314,4003.54373051276,3464.13865392789,4800.479065469839
TCGA-BH-A2L8,3804.175068539309,3478.557046303642,2333.517293184839,5775.510116837264,5003.080434688449,4423.813412474494
TCGA-BH-A42U,3554.069683220863,3217.43524590754,2483.521487063599,4996.709890984646,4337.956011596416,5601.4391997619205
TCGA-BH-A42V,3252.204432972163,2863.81636597513,1854.632172157717,3994.8727873586104,3456.6010323997452,4529.974220447295
TCGA-BH-A5IZ,3563.4341179073926,2903.402202199244,2028.4224328298642,3968.6629432783448,3586.608171520016,4486.428797490582
TCGA-BH-A5J0,3855.2099479926837,3109.6842941465766,2523.1284329890314,5737.662224168345,4776.5933793705535,4159.3034659975765
TCGA-BH-A6R8,3358.753932532216,2721.1453993420237,1659.5562297046745,7048.071166892825,5154.214572483501,3331.811951107311
TCGA-BH-A6R9,4292.094976790755,4183.3608752813125,3665.2757558799804,5969.5781064483035,5420.555846479023,5385.740926115761
TCGA-BH-A8FY,2914.528946018132,2081.8373836300925,963.8909684071696,3922.684577475702,2938.2021350303403,3175.1769947525863
TCGA-BH-A8G0,3814.2647889068885,3141.048167650464,2326.0125748631544,4219.7490904719125,3878.0666971549726,4532.010677018188
TCGA-C8-A12M,2784.411811440932,1977.392818190936,831.0788531064027,3357.21117657188,2929.16304771905,2800.710539925305
TCGA-C8-A12N,3451.765478864041,2518.268222016306,1884.6048067106349,5781.407139575571,4417.14808895547,3986.9283512756247
TCGA-C8-A12O,3717.8066360183966,2888.9851700662566,2357.9307468639963,4962.309496012436,4275.935625057007,3939.5955635485607
TCGA-C8-A12P,3558.906004493703,2731.4636541565906,2059.6150788873983,5341.997787909922,4524.4431012060595,3721.9186403211515
TCGA-C8-A12U,3123.2878119567686,2226.6575023011374,1132.9822083608396,5412.992952208948,4588.2294547415,3434.8011420335824
TCGA-C8-A12V,4523.504670738119,4406.08233789989,3611.7949761696364,7525.475074492231,6531.15867240246,4990.889431267773
TCGA-C8-A12W,3380.0921499641736,2484.1068139104846,1809.2652338168064,4158.28661865709,3683.5927821948553,3447.2062169629044
TCGA-C8-A12X,3051.4250350346883,2143.080003293846,1379.2645364068849,6004.501862010211,4297.628142942585,3063.3589720880955
TCGA-C8-A12Z,3060.461779482588,2036.6532517085234,1419.4591851165133,4092.333853403379,3284.6991099377574,3489.3750310525884
TCGA-C8-A131,3582.8769758851904,3171.9266803260416,2447.8499716570914,3840.635740936157,3660.392555933975,4957.8081734928655
TCGA-C8-A135,3621.202243091995,2889.7585144987406,1869.3993782148282,4028.9266848459374,3779.9915351549644,4215.986062235144
TCGA-C8-A137,3005.5987928149334,1588.3437281155439,1059.652950406622,3516.022486040387,2843.4398683929176,3166.9534013692555
TCGA-C8-A1HJ,3107.401813958071,2486.6082144859447,1755.277733442983,4523.468641289839,3890.070436312979,4233.6824326805545
TCGA-C8-A1HM,4192.1977869607745,3558.6149604084003,2709.198380345857,7401.0925964188355,6166.401386096453,3924.9856976308965
TCGA-C8-A1HO,2861.8032402071876,1748.2242975170811,1093.844250603237,6665.955485628292,4701.065851457153,3373.252552077065
TCGA-C8-A26V,3563.1858160684496,2483.0290027371957,1867.5919126927402,6266.961631097314,4871.6330827145575,3615.9458495542185
TCGA-C8-A26X,4408.71260831859,3892.2393365400203,3125.263768820454,6072.972795926869,5545.293037039168,4915.409653080076
TCGA-C8-A26Y,3598.2030311726085,2602.2632435653595,1664.0086451794832,4552.394897142347,3970.387380219505,4111.595175449864
TCGA-C8-A274,3004.1487208673298,2163.669649668698,1303.1710690399068,4440.259729509358,3461.5474526457765,2991.4166609951462
TCGA-C8-A278,4309.603088343769,3339.9418418450823,2523.7885165971165,6154.087682726542,5343.285692328216,4085.310342756635
TCGA-C8-A27A,2654.2430673367708,1450.2134277089317,901.1840433159923,5754.79986973401,4113.740107317319,2655.860392067352
TCGA-C8-A27B,4252.476582607636,3747.5914629695126,3470.756186722385,6124.61850924232,5539.454158559032,4865.947654824402
TCGA-C8-A3M7,3425.6611071186235,2717.563259344006,1683.8374534248342,4396.311906579769,3895.2202404235395,3997.3997183680895
TCGA-C8-A3M8,2926.6841621106832,2012.6187172271566,1059.0702337234306,3503.4570872052846,2787.3600210722943,3518.6306208295537
TCGA-C8-A8HP,3764.140014979552,3143.9656879407703,2174.5969657660935,5219.101425004632,4644.9218742080375,3883.049174599175
TCGA-C8-A8HQ,3566.5347318818403,3154.1042927032813,2286.291488556255,4993.480640181422,4371.396177779057,4734.309603331098
TCGA-D8-A13Y,2303.602938945134,1193.608052346175,505.7466488480295,2515.833425025743,2026.9559708106572,2521.7388692046025
TCGA-D8-A140,3196.6904387854065,2578.0943967977782,1713.2331528797658,5774.925201249354,4534.4826473419325,3778.6666078904855
TCGA-D8-A142,3523.7181639969494,2780.3001529730336,2164.037086193981,3410.7161297617768,3427.4336206274365,4165.892305012208
TCGA-D8-A143,3268.194846001841,2728.8088508273795,1775.1119856163168,3858.5152141536346,3635.2948654517204,3762.597157453303
TCGA-D8-A146,3515.542282353432,2611.8060143198036,1928.0664440389373,3872.561224207553,3418.960629163159,4314.939304872276
TCGA-D8-A1J8,3912.082860930159,3346.67765406724,2890.2527655777176,5062.948222587047,4865.793106329484,4598.415991757682
TCGA-D8-A1J9,3535.3898242097785,2454.861723812224,1858.0174290499926,5032.076379474747,4073.137918131035,3562.711085442208
TCGA-D8-A1JB,3916.782172686557,3346.6915183874753,2595.6653378787923,5853.843030966911,5115.873228970553,4627.627972124243
TCGA-D8-A1JC,3526.423977581002,2740.681826338434,2076.427256774339,6196.235062829359,4824.196811372603,3582.9647626244514
TCGA-D8-A1JD,3540.4833941876896,2734.484101305252,2113.066815863913,4782.922220249831,4099.281605025881,3730.889819523203
TCGA-D8-A1JE,3725.127887453784,2554.3773684060034,2342.832237605635,5625.4120003680455,4492.598780045993,3654.8967074226057
TCGA-D8-A1JF,3588.2339766360947,2416.5382510043273,1713.4362093279524,3390.0208622744467,3172.4944882452874,3163.931410854453
TCGA-D8-A1JG,4048.4262077146886,3289.8578897653297,2475.045001286486,6656.536466869431,5512.3106314461165,3931.102996544285
TCGA-D8-A1JH,3691.111921578482,2881.4767918170473,2331.7579052710225,4498.02266997331,3919.69198410022,4377.859207474241
TCGA-D8-A1JI,2752.663878309686,2175.5101905927622,1188.0011615754174,3641.81647495134,2849.8692072741924,3270.92232016834
TCGA-D8-A1JJ,3456.5154915410512,2418.072086414324,1867.8806228866815,4855.05062592381,3997.7626737555856,3636.5303876395774
TCGA-D8-A1JK,4238.136937967605,3813.354685859964,3348.0134173916176,6048.967224498872,5496.321078184421,5013.416386344117
TCGA-D8-A1JL,4162.499374157291,3753.047396254233,3230.7057589383876,6918.029938989723,5785.579409360997,4708.128133575692
TCGA-D8-A1JM,3135.2352835680613,2772.3816261840966,1826.8885020639027,4626.187611286781,3841.0785327634494,4241.035724100684
TCGA-D8-A1JN,2609.30107873662,2125.4541189751053,1081.5124967951433,4603.265903072388,3611.0792531530296,2858.840600173062
TCGA-D8-A1JP,3391.311096658317,2647.639886292476,2030.424145498935,4263.763592909698,3792.588131369803,3640.471519606632
TCGA-D8-A1JS,2646.977755035281,1906.6118227107072,857.472881649679,4222.153995206008,3051.1712718182516,2805.556793476884
TCGA-D8-A1JT,3100.9062242931013,2638.0116821731954,1764.2519569080341,6209.304379796571,4703.903689327688,3902.23866673868
TCGA-D8-A1JU,3731.571388911432,3129.606177977521,2367.874561629662,4663.549941185853,4090.6066745330227,4317.952642715598
TCGA-D8-A1X5,3429.4983073556778,2442.43749010166,2306.2590008291318,4543.559011923588,3894.887345807332,3742.4398837183307
TCGA-D8-A1X6,3022.6994792439345,2405.485630349591,1684.0391519460336,5519.2136730937345,4118.392952880691,3399.6439123904365
TCGA-D8-A1X7,3224.6989048715786,1958.0957698989132,1267.517946139793,3627.6037216913974,3012.4695969851036,3562.439041726835
TCGA-D8-A1X9,3417.678719224152,2730.3623158002174,2388.5828626187904,6300.323357629379,4952.017104386599,3898.844966426517
TCGA-D8-A1XB,2900.9077738900687,2104.471657772465,1509.4128220719795,3806.5235770317922,3159.4732579329866,3674.0845165384835
TCGA-D8-A1XD,2451.8517842155743,1653.6735121502188,944.4493278177397,2449.0882230497064,2164.1051077226,3086.9410069089117
TCGA-D8-A1XF,2475.353623250712,1563.370690220685,910.5325446173701,4802.5753950428425,3542.289879036538,2791.8903425643603
TCGA-D8-A1XG,3131.3762425788536,1853.8495565838239,1311.8592711832098,4873.5480544635175,3589.683135865107,3353.6039526728964
TCGA-D8-A1XJ,3344.2902364872443,2034.4684028865504,1504.2240307323682,4400.415167740099,3451.653883263307,3281.145867872505
TCGA-D8-A1XK,3658.6122467682126,3426.785872296952,3144.7436446353004,5351.94365131331,4590.629351052588,4925.17092232647
TCGA-D8-A1XM,3629.5803159670486,3075.857435597849,2359.300939774377,5715.06470066819,4608.196955698184,3829.2149848527024
TCGA-D8-A1XO,3358.5866065199625,2483.702058264036,1939.2429856513209,4476.828268058594,3743.4847439709793,3580.8024253827643
TCGA-D8-A1XQ,3958.987215254474,3536.1593612479865,2798.30843683903,5296.33469061944,4891.6842535228825,4743.091305619093
TCGA-D8-A1XR,2793.15790647012,1882.7761766223357,1337.3886034710158,3539.4491243330904,2983.837535596733,3259.8254270897814
TCGA-D8-A1XS,3174.841160639662,2353.084972390736,1736.6611350625572,3744.5767258517935,3343.4480048511305,3434.0538001447385
TCGA-D8-A1XT,3854.910914813683,3339.5036195597877,2723.471722544222,6781.556005844781,5277.86688366172,4310.896233090914
TCGA-D8-A1XU,3413.996648841159,2247.26564914757,1689.0819606844143,4799.298119080762,3882.8383018065324,3477.5515507530963
TCGA-D8-A1XV,2730.6672071033863,1458.5118796774932,859.273351767044,3572.694392209356,2699.198403451117,2804.6242517997434
TCGA-D8-A1XW,3850.31741723073,3192.9040660085047,2471.75963893896,4936.144008165536,4404.318745980761,3964.746187241002
TCGA-D8-A1XY,3324.5401990506434,2370.987058808283,1871.7681667056531,5653.906965605169,4406.433262144246,3894.4317070863526
TCGA-D8-A1XZ,3360.0340435566122,2390.9583019188685,1920.204110478653,5139.711580620946,4191.1182007991265,3478.1905728056136
TCGA-D8-A1Y0,3546.9985433214406,3038.3244355752486,2481.355766563858,5874.05854920216,4920.6611238459645,4156.190378598405
TCGA-D8-A1Y1,3351.3812163261646,2454.6398030582386,1813.7852355545292,4198.2141634375,3690.8591042032403,3646.8667421062146
TCGA-D8-A1Y2,4378.15411267359,3839.056967008717,3412.0355206305885,5869.379633095963,5237.581331805226,4861.907695469641
TCGA-D8-A1Y3,3434.265496869495,2640.053342342313,1997.9323028127783,6347.874785292652,4879.477443232903,3578.8331275601286
TCGA-D8-A27E,3035.1921703023545,2155.962675371209,1605.8947570408927,4455.065754643207,3507.3023234440134,3347.269415049992
TCGA-D8-A27F,3433.1284000410524,2805.316434211367,2168.5611537136483,3760.2261645770723,3497.7627145399347,4395.527879001971
TCGA-D8-A27H,3412.9650463009657,2434.827272582108,1668.098153650877,4422.901718654548,3754.299091249166,3921.0262285403605
TCGA-D8-A27I,3735.6263003814,3147.897373828797,2368.383542575424,4503.112034324871,4042.394946182423,4858.743697844184
TCGA-D8-A27K,3328.286049858645,2842.704158976647,2078.095465439481,4374.343068657439,3824.4568472129395,4005.780992298298
TCGA-D8-A27L,3622.7501840133846,2833.912861350269,2174.019869109179,4470.69032422624,3968.9812301513084,4166.832278104821
TCGA-D8-A27M,4441.833750612363,4159.631075285033,3312.747113525653,6525.021802766985,5916.483314200379,4808.838517059774
TCGA-D8-A27N,3863.870533752177,2853.442739074784,2229.408230533054,5733.373405391694,4698.692443763732,4273.512035120315
TCGA-D8-A27P,2893.665035241307,1744.454629383701,1280.0061433475585,3414.68145540592,2760.3859381313305,3436.5764393121026
TCGA-D8-A27R,3448.176369353463,2479.896089156755,1693.987146380492,4717.751932211031,3990.6701356324484,3494.8611948096295
TCGA-D8-A27T,3781.6017277994906,3076.9283991539705,2408.5781583308235,6155.218581712119,4963.387913967579,4535.171228764675
TCGA-D8-A27V,3022.100302004652,2041.587087922553,1533.2176254221158,4672.155894490177,3839.222121945091,3779.710414480154
TCGA-D8-A3Z5,2757.8792217481205,2637.187013521372,1192.447317737413,3929.2015660971156,3171.8145664860913,4312.64026759837
TCGA-D8-A3Z6,3197.3393419823515,2369.5281079469496,1383.7831981310756,4853.163993527247,3687.7386115351237,3737.279407684673
TCGA-D8-A4Z1,3156.876468830118,2553.98159800159,1761.52081189596,4081.9961499487636,3490.099340404069,4424.720009012601
TCGA-D8-A73U,4571.422181252763,4047.534196288263,3268.680311072023,6517.216455136169,5981.854898593861,4928.470276077607
TCGA-D8-A73X,3072.714473898588,2137.040229027012,1358.5868291349143,4187.359150869324,3323.0116259319148,3460.753955727727
TCGA-E2-A106,2796.459551916274,1815.019056025234,990.2517355214295,3811.442865166149,2849.5508887163523,3558.2037667418135
TCGA-E2-A107,2721.8687632468573,1902.8687783837286,897.5780687149927,4038.7887812437257,3153.5145730664462,2950.8608363522944
TCGA-E2-A108,4668.928788213027,4482.260382938248,3607.37027153887,5949.780650407452,5650.3160958281005,5623.752786603234
TCGA-E2-A10A,3312.057037964618,2232.8238340423777,1832.5873321458112,5512.563139811828,4078.0294025414296,3945.905436838966
TCGA-E2-A10C,3574.4682999194283,2801.2335819128,1609.1796270035302,5563.285205525153,4384.696848743615,3333.4006827188423
TCGA-E2-A10E,3396.1709815217,2743.7677941862785,1925.1749911917395,5403.989355912752,4260.604112390953,4100.252270049417
TCGA-E2-A10F,3864.727858869979,3081.324529996926,2430.815858326594,5711.784888192038,4714.425522684542,4436.91702478104
TCGA-E2-A14N,3387.3466321739143,3053.2166091279323,2457.1325002121503,6362.7882456001735,5055.158320746492,4507.357117247964
TCGA-E2-A14O,3107.172730930004,2207.1761861948507,1323.0208233904214,4323.292580248788,3417.24356716476,3377.037164329262
TCGA-E2-A14P,3510.503925309853,2745.467827578368,1630.9385575658798,4024.782759809241,3972.9950382344978,4091.9559711150105
TCGA-E2-A14Q,3083.64185239733,2192.119085139111,1433.3612089215094,4727.794160543155,3681.1941729158425,4071.5274329646363
TCGA-E2-A14R,3424.473523757624,3009.105186634064,2150.2234616732712,5979.176269258896,5066.1421858020785,4403.466628786346
TCGA-E2-A14T,3247.4351009021448,1929.662215534181,1063.5144131046673,3462.1754085813955,2995.7600926715713,3120.3835569488147
TCGA-E2-A14U,2818.858504516118,2191.2439972312877,1224.3100055441246,3439.1327712966668,2683.6544572655475,4340.533122467821
TCGA-E2-A14V,2995.199317203891,1877.2185938844268,1361.4279121140844,3852.1976700406776,3179.4850700396582,3760.6156072495305
TCGA-E2-A14W,2535.298401031918,1561.3062902527345,953.2727687898896,3143.751860630322,2636.3534582440825,3040.097561311215
TCGA-E2-A14X,3599.407364410834,2924.857958401435,1953.2682899123174,4251.888418681141,3948.22536837601,3989.648600596229
TCGA-E2-A150,3877.166200909567,3693.980531690144,2728.916993225028,5673.928970092813,4913.258726105696,4498.519575959381
TCGA-E2-A152,3493.9526852303406,2431.5241593592145,2022.4615984800366,4252.603198572371,3706.8909335646294,3729.268684293047
TCGA-E2-A153,3694.9756728464436,2657.896423440803,2440.4970455381554,4721.733459861782,4050.763001813042,4651.263610645416
TCGA-E2-A154,2911.8443716258444,1848.1127473927481,1447.712864096662,3854.1292705116393,3066.4581213016318,3311.115222261844
TCGA-E2-A155,2639.7277448337445,1802.5844055476264,819.7376340261853,3382.6395249295783,2638.3014414691042,3140.221704435273
TCGA-E2-A156,2677.606165065543,1735.9256073155375,1084.2124501852122,3652.605393494132,2719.5522697994584,3097.663509320604
TCGA-E2-A159,4074.012767493612,3424.246234021166,2667.2213162138614,5252.893561192448,4849.9177072210205,4155.179682322365
TCGA-E2-A15A,3567.192825017839,2596.415670256025,2043.9091406803873,5418.601662773486,4451.250381341299,3533.510838783801
TCGA-E2-A15E,2992.119889610005,2062.8282983305453,1464.1720967281217,3854.9025996820346,2971.7366069976597,3881.5776562266965
TCGA-E2-A15F,3207.3589830039036,2819.171400857558,2010.1903052444595,5657.022635461621,4175.101229293421,4055.930945457574
TCGA-E2-A15G,2835.383287997247,1875.4254953497075,1091.159609634724,3801.412389042389,2891.6265494839845,2956.3801783799026
TCGA-E2-A15H,2982.752233709236,2022.6019237884047,1364.3321740325791,4291.0128287094285,3427.570608246584,3652.456100250136
TCGA-E2-A15I,3303.0421600152913,2519.8453627019353,1739.913193347198,4396.928893362225,3711.9858536237934,4067.923885471175
TCGA-E2-A15J,2776.9399738354477,2229.4571311020773,1631.9838699359934,4285.212855867327,3262.0984924077948,4250.156383833488
TCGA-E2-A15M,4179.582047406879,3655.9675996562546,3015.3847049010237,6005.450295355982,5233.659098628123,4366.335273043052
TCGA-E2-A15P,3031.998868622004,2103.6558597113635,1296.6480752651569,5122.0975142558145,3810.077229947987,3171.6695535267245
TCGA-E2-A1B0,3759.098422151843,3078.5459928865803,2720.2958193540107,4106.760604528728,3944.1260783884136,4579.27216479601
TCGA-E2-A1B4,2721.792842340703,1877.846459155462,1027.8050020245719,3941.6732802252354,2851.5911917316553,3340.979805695577
TCGA-E2-A1B5,4355.084069845387,3879.759456682219,3045.218425753583,6046.747778651899,5543.535072198418,4951.934346762684
TCGA-E2-A1IE,2568.485207139611,1490.0127164438254,624.2863541968782,3307.7105510314686,2463.9016727915223,3056.706292176008
TCGA-E2-A1IF,3257.0363989942653,2871.042259016369,1737.747378680704,4082.2203799739254,3336.8008578905883,4430.024348112453
TCGA-E2-A1IG,3222.944761405017,2416.818104002563,1830.2325683140552,4869.231670761781,3778.1488640878633,4082.977490281188
TCGA-E2-A1II,4070.183547937211,3876.976087678211,3062.950901988619,6663.238612803796,5925.673462173223,4243.325085145238
TCGA-E2-A1IJ,3733.002956814975,3335.4095671957166,2592.6372219845,4929.253460081965,4350.159692452136,4467.516507852883
TCGA-E2-A1IK,3539.026761362149,2662.055402459402,1780.684828291256,5911.003965368882,4596.98523200134,4112.4359058404625
TCGA-E2-A1IL,2971.884595034873,2370.537193741524,1337.2134095139063,4908.215421602645,3714.509362652825,3415.102688594652
TCGA-E2-A1IN,3085.726655124341,2123.663706161611,1650.0432886912076,3740.639037215522,3188.9474967630485,3529.1010900347737
TCGA-E2-A1IU,3192.299213995313,2314.6207483305116,1641.8385735708907,4623.19388409784,3618.5863942026663,3561.1165669443835
TCGA-E2-A1L6,3288.5905691996268,2792.9298316712247,1812.699565832556,4283.713699828189,3551.4541342518132,4198.065068116157
TCGA-E2-A1L7,3554.197851009403,3151.656980862188,2062.509417212659,5514.023645542662,4603.675678810894,4045.1696642731476
TCGA-E2-A1L9,3845.1428485186043,2894.123013391183,2220.997893028467,5748.541171315155,4602.475546442458,4354.786031819043
TCGA-E2-A1LB,3241.7113534293167,2002.5112546082983,1380.6481179860475,3937.7499545809314,3291.666958895961,3370.123453028962
TCGA-E2-A1LE,3851.965724946718,3238.4092146556723,2292.888182305176,4997.393455288586,4389.112346776412,4406.95741881492
TCGA-E2-A1LG,3075.246274276269,2366.369816008828,1611.2869374842649,5086.395843304648,4328.595829313255,3785.2667902132616
TCGA-E2-A1LH,4250.042318120328,4217.075452170588,2899.112842998189,6339.007102632762,5575.221763439817,4911.262943193078
TCGA-E2-A1LS,2895.0132644521127,1903.127733058187,1227.532205209949,3188.128404109535,2703.960420944466,4053.3430552546706
TCGA-E2-A2P6,3116.055289294838,2125.9922278166578,1264.5950889076303,4456.353102847499,3441.764793192495,3546.78182375918
TCGA-E2-A56Z,2888.178321638663,1866.5468612365275,1059.6530097604027,5234.383600304276,3819.657967197254,3201.1700238017256
TCGA-E2-A570,2985.3201075245615,1954.4899943603923,1414.611435509787,3911.404667041432,3267.973528097329,3994.369430667324
TCGA-E2-A572,2779.1762487874566,1506.3348002056155,1025.895650299508,5590.519112497639,3719.3514070358633,2935.3383236563295
TCGA-E9-A1N4,4026.1722978629095,3330.811856443215,2598.5656020765,4828.977898031302,4232.073701599129,4384.705429727499
TCGA-E9-A1N5,3581.5152086462585,2879.444966814397,2050.2186197561114,5144.930958481849,4323.778669485613,4318.531482442986
TCGA-E9-A1N9,3002.74863083894,2182.0745326586148,1453.009072223209,3821.262491363763,3308.389190175416,3497.1250359209735
TCGA-E9-A1NA,3483.717245414853,2571.573064604536,2134.5506251815223,5526.98212805082,4513.892364585014,4225.591532246868
TCGA-E9-A1NC,4101.2573849995115,3597.2865127042987,2994.9649335120666,6474.56796962505,5551.508959674868,4984.641138038565
TCGA-E9-A1ND,4508.433269165533,4563.4371039381695,3717.9838472142746,7468.874260718996,6406.488226099951,4951.99619877083
TCGA-E9-A1NE,4219.695697775684,3725.224510365826,2970.781255412512,6324.350732367946,5527.243889772446,5120.446022711172
TCGA-E9-A1NG,4169.882303400265,3221.7398796947327,2913.2264390788223,4763.991760814111,4287.291800279854,4663.5466217328285
TCGA-E9-A1NH,3645.203025107463,2371.207400878422,1748.3963925144199,4085.0733548151075,3506.060805020312,4012.42266636766
TCGA-E9-A1NI,3403.981240195675,2292.2775026526015,1557.3388141945416,5634.120239365169,4249.5796939832435,3948.2202180600616
TCGA-E9-A227,3479.7607045555815,2841.8963127715597,2066.804192517937,4553.936336299499,4007.1500779828093,3859.685806875772
TCGA-E9-A22A,3988.81579009865,3404.235292802012,2757.5080168896948,6746.773315280667,5426.417728987819,4143.677616060098
TCGA-E9-A22B,3667.0891081325426,2826.9991335511713,2042.8897332965498,5751.402474466049,4504.2414719849985,4143.212231207506
TCGA-E9-A22D,4149.910215987771,3611.026710617398,2774.1134184397106,7158.806140164352,6225.355190210586,4091.0002068132944
TCGA-E9-A22E,3868.9966747294075,3360.8516659224406,2399.622095199913,5764.671143490748,4853.670648626507,4198.530026587012
TCGA-E9-A22G,2964.365138285626,2345.0393481313367,1579.1859110559562,5508.427918233254,4244.248259822443,3908.973776804887
TCGA-E9-A22H,3398.42155068351,2379.625358924932,1521.2034781055663,6523.158045686556,4804.947676024023,3181.7692985514313
TCGA-E9-A295,3224.4594925332385,2206.0696645954777,1417.7358191120093,4131.75356687868,3489.662515744816,3723.1282120499636
TCGA-E9-A3X8,3462.0199672905746,2727.9572918958565,1869.1186790971024,4969.494686028469,4078.3535794311556,4036.37950302478
TCGA-E9-A54X,2024.769395313464,1127.4356748569771,386.6325947699552,3283.9663214218417,2240.1805999696753,2916.1992020634207
TCGA-E9-A54Y,2470.7077156582527,1712.9593368846017,723.3418773995363,3872.524349346848,2614.3803674201845,2480.8674150819643
TCGA-E9-A5FK,4007.5080814351804,3912.683853320814,2641.374113163545,7061.573901173579,5756.3437470033205,4406.655847517266
TCGA-E9-A5FL,3724.8628947608595,3074.478852528853,2025.403630082019,5547.574997364449,4274.318152805616,4941.429107582628
TCGA-EW-A1IW,3417.5107606285856,2822.7171214225127,2069.332889500247,4001.505771932547,3709.5238548950365,4642.420234865305
TCGA-EW-A1IX,3278.833723044854,2509.760586924276,1965.113646127953,3952.6488052135974,3447.1735808382655,4327.013822821469
TCGA-EW-A1IY,4002.623196988143,3175.106454151497,2799.9511526044025,5624.3542595337185,5117.714400711557,4692.43529498836
TCGA-EW-A1IZ,3922.7365068523595,3611.750842665542,2355.8660142764274,5496.973205343478,5079.939748963232,4414.215052242405
TCGA-EW-A1J1,3178.42955785945,2489.8944756846286,1714.8851518208503,5318.529471294143,4294.570087941449,3706.543416618717
TCGA-EW-A1J3,3313.9744578437385,2433.2025037258772,1976.0905566378242,4562.763343989045,3823.5088563036898,4540.502009613556
TCGA-EW-A1J6,3438.8149862443042,2994.558597182744,2009.3653260545616,6308.826396581575,5055.690492172842,3828.7971294511644
TCGA-EW-A1OV,4038.7780328640292,3887.360095609498,2784.525242234353,5949.095564619878,5418.982219522495,4368.048506269657
TCGA-EW-A1OW,3584.850457613151,2913.269489096214,2036.0720191745459,5568.35053079192,4476.561011932439,4259.809035502853
TCGA-EW-A1OX,2178.538143502996,1298.7817604181218,253.59556412686106,4820.030188904953,3115.2583168358924,2900.6307554909436
TCGA-EW-A1OY,3135.5124525027513,2378.8422774263727,1769.7837261703717,4962.5764173595035,3974.4728409852687,3623.6621403214413
TCGA-EW-A1P3,3281.314523726238,2683.7789474892343,1807.1214317934282,5132.930081886931,4023.8286309092473,4820.950573206581
TCGA-EW-A1P4,4084.971484721109,3726.3767874690875,3077.061196986653,5659.16523467811,5216.911575477607,5158.641757072082
TCGA-EW-A1P6,2898.581641788436,1766.1549830704043,1147.0185688384045,3393.3142659680743,2849.426977318186,2831.95380242594
TCGA-EW-A1P8,3591.736755192822,3320.7652010865295,2499.1500836571267,4831.204732727676,4183.066319433296,4350.392676257887
TCGA-EW-A1PA,3087.8409484634867,2525.479105674416,1817.2374734612058,4370.104401408591,3692.9945934169573,3703.6203698297413
TCGA-EW-A1PB,4350.398664312543,4769.694040631453,3355.110089888891,7683.371553890242,6827.384405948644,4675.101535089032
TCGA-EW-A1PC,3063.170284182437,2121.4654570158273,1364.0345590112393,6165.599749539935,4377.981629625836,3271.5771168379815
TCGA-EW-A1PD,3240.715744023164,2317.808026700606,1651.0586708673636,3426.675260457254,3079.66597116322,3960.0101902719616
TCGA-EW-A1PE,4285.328926060973,3459.6322503238625,2864.250305177573,7518.301968932223,5939.760924431297,4741.31694386114
TCGA-EW-A1PF,3577.0900232979147,2673.745408994986,2036.1652991652318,4707.51170630416,3992.996358577,4271.85587148768
TCGA-EW-A1PG,3540.528102355145,3041.734108724295,2801.768169527437,3952.832115268049,3776.999369828578,5661.625230645344
TCGA-EW-A1PH,3340.0939840118554,2859.1198437846015,1866.1477116627775,6462.782720774705,4810.022214636512,3927.45169326579
TCGA-EW-A2FR,3738.5529548655795,2924.573464722911,2174.507618929403,4435.086041158696,3973.9602331606457,4327.5065751411275
TCGA-EW-A2FS,3427.442188834855,2878.084085942406,1881.3474730598482,5264.862854049534,4362.262197633325,4923.077231991721
TCGA-EW-A2FV,3793.69701074803,2992.1443204248717,2464.482681996249,6827.978750174201,5420.719998254002,4845.37404923919
TCGA-EW-A2FW,2754.1232469279767,1647.7513730613264,933.6172412468586,2842.356799805928,2419.4018947324785,2916.3360288195745
TCGA-EW-A3E8,3642.2628257219712,3450.7279479541303,2416.584237160183,6322.040217960006,5159.048785546323,4628.744859828646
TCGA-EW-A3U0,4341.968864066814,4216.408303254031,3134.1406612876344,5856.302314830069,5470.695229287619,5235.540117056733
TCGA-EW-A423,3003.471351759352,2552.82399505805,1223.1494253953333,4618.847400368961,3504.1217327654485,2802.625263231974
TCGA-EW-A424,2557.7933384529715,1800.3379402555602,1015.3793233339711,3708.02292771246,2804.5586561156197,3630.6658524835293
TCGA-EW-A6S9,3171.498715019694,2371.0988395094937,1712.4548868158872,5113.814990839321,4074.079522495618,3973.857653925592
TCGA-EW-A6SA,2209.24607599091,1383.8801554161073,56.46449517682777,2302.1444244371287,1752.9237622816836,2885.486018108866
TCGA-EW-A6SB,3823.062205512804,4108.357231844948,2584.0168565063195,5988.901038015845,5419.4048651964185,4433.076745911794
TCGA-EW-A6SC,3589.4448033391673,3175.700888575602,2584.8501947097284,4700.538886584402,3998.4045340727425,5653.946904101313
TCGA-GI-A2C8,3985.714618358723,3115.3623785590335,2512.2548001758514,4790.521633914117,4234.71498792256,4496.062117740461
TCGA-GI-A2C9,3443.9416478639596,2889.694169904951,2144.119633849914,5253.792614116717,4319.639428608429,4319.753794052371
TCGA-GM-A2DB,3588.3802437512604,2704.1322893680135,1690.628302044739,5317.8014258818785,4557.209348614933,4128.326557403412
TCGA-GM-A2DH,3617.110381955561,3284.6803479478913,2155.9228922518687,6040.3249716603,5093.3688639439715,4170.757127916513
TCGA-GM-A2DI,4296.656424441138,4155.477026967965,3291.969067618189,5686.834931734145,5371.433912775894,5313.154971055968
TCGA-GM-A2DK,3778.70418048966,3002.2482339234575,2052.6733753849458,4669.829025630652,3900.604878860475,4524.788358550175
TCGA-GM-A2DL,3669.59416609634,2888.3591261155034,2390.194043058722,4764.012659954142,4183.914344325607,4836.150080464195
TCGA-GM-A2DM,3217.4540191367832,2733.1161558804943,2237.769891816768,4096.409515577136,3355.861064077604,4268.581448440478
TCGA-GM-A2DN,4003.5978659213542,3495.876810745858,2739.0106497354573,5877.880946275334,5083.676373088047,4754.053797014465
TCGA-GM-A3NY,3042.37579566967,2500.226911717942,1226.2598739399127,4491.815251782071,3380.787835068226,3880.4859423761955
TCGA-GM-A3XL,3510.700167384759,3241.5274449933822,2254.882696538074,6611.742431935125,5298.098676239719,3959.2275229746356
TCGA-GM-A3XN,3608.5606605481426,3264.8489215193276,2220.5018465090743,5294.55751369981,4407.022877629601,4909.127829628718
TCGA-GM-A4E0,4180.85444720411,3891.4548702323373,2720.2356361619386,5365.788130507497,4792.281607886702,5092.7105350466845
TCGA-GM-A5PX,3228.003835807027,2199.4973938973035,1647.4020816770462,4265.750218578818,3518.7007509413706,4108.65325358671
TCGA-HN-A2NL,2706.8204699317994,2165.7616308999604,929.978728148164,5099.850470381567,3972.006353280085,2934.188940978949
TCGA-LD-A66U,3313.1367045246043,2892.388796681651,1961.7629914567933,4925.688426599181,4163.767807987511,4694.006740218816
TCGA-LD-A74U,3612.6489955041634,2914.6742338401327,1902.3650043895414,4953.000207816403,4100.323690377309,3969.7862657738533
TCGA-LD-A7W5,3475.527098085682,3574.140883540662,2099.807661328525,5852.027148977488,4916.561376010488,4311.69851043099
TCGA-LD-A7W6,2976.7417364932207,2326.7603018708123,1596.0009979011102,6112.459413971796,4473.630730127683,3999.615318146778
TCGA-LD-A9QF,4583.467056247393,4372.817540767501,3630.0882572249066,6417.5124450133335,5818.461921976379,5595.912817876881
TCGA-LL-A441,3750.2625125638588,3805.121355934907,2358.4700128218265,5910.170783900836,5083.917869032544,4386.186897581765
TCGA-LL-A5YM,3019.780494797513,2040.2302635883443,1085.807204508621,4631.283880687071,3576.6470274156236,3164.750774650958
TCGA-LL-A5YO,4277.050589148419,4033.2478152603926,2892.723252689537,6431.2293561773095,5867.6905943192105,4332.827461738547
TCGA-LL-A5YP,3761.8999480275143,3349.296792551606,2708.441627375154,3994.8364004631057,3867.205425889988,4981.09948242781
TCGA-LL-A6FQ,3184.0765089193555,1962.4940508200816,1343.5761414023273,5214.422448217505,3834.3432028961543,3618.776593630131
TCGA-LL-A6FR,2982.128236651939,1734.0461939662764,1595.7602738581209,4623.928408981987,3386.449070030032,3381.2727175046693
TCGA-LL-A73Y,3630.9355909953774,2954.1840396899115,2290.0722274499913,4046.7376647351066,3733.970997409082,4766.708113356603
TCGA-LL-A7SZ,3476.6047352747446,3092.239574591911,1958.8538863714457,5143.246047334931,4468.146470993775,3538.8540244546766
TCGA-LL-A7T0,3074.113641384838,2406.8414353301887,1355.817383675967,5286.345144885165,4113.929456629126,3440.6638351463553
TCGA-LL-A8F5,3440.699833064544,3139.994807575751,2166.7011010454735,5931.19219276367,5104.978157005495,4689.139874055436
TCGA-LL-A9Q3,3270.55129763711,2561.6697221106588,1677.411387439406,5122.858873992172,4013.532507626709,3656.380346204245
TCGA-MS-A51U,3326.337456639145,2897.9366691890427,1873.4268256737232,5020.6938445257965,4129.315985987014,4256.581711319392
TCGA-OK-A5Q2,3372.8835172497147,2999.2804800052,1977.5203236369161,4602.572303998377,3989.0671490890218,4269.5011141408395
TCGA-OL-A5D6,3478.5058475877067,2638.4132647862225,1799.6948772990618,3916.4914086956305,3373.49347525325,4068.6086202906663
TCGA-OL-A5D7,3475.8683975250187,3523.5176107404386,2332.782766352335,6350.883016003712,5333.703092269068,4435.121476880222
TCGA-OL-A5DA,2743.502222066685,2308.0334709786457,1313.135027818771,4167.811237981092,3408.004350414978,3550.6292384313147
TCGA-OL-A5RU,3652.2548682471825,3299.6023068915256,2358.592447885967,4687.734980269621,4322.96300332918,4945.82644781071
TCGA-OL-A5RX,3232.4769842597652,2751.7071762988253,1918.4438125845372,4129.835463224448,3575.0736559905854,4851.397725472896
TCGA-OL-A5S0,3841.9203955247376,3428.2227959246065,2846.7415661796276,5716.477725106743,4850.79542228719,5123.120160641962
TCGA-OL-A66I,4158.499548579721,4288.048546290489,3100.4135348208583,6569.750947105491,5803.409157836984,5141.050002062708
TCGA-OL-A66J,3344.0866551388845,2946.915471553142,1862.9088710157357,3872.4897393290194,3295.246134990879,4696.800087283615
TCGA-OL-A66O,2501.0752596173406,1434.9200632393931,607.9752317007951,4641.384359900687,3225.225140394534,3114.811463353126
TCGA-OL-A66P,4171.650626372397,3595.448221293367,2892.061878657192,5499.733746513302,5278.71262220161,4845.449645983697
TCGA-OL-A6VO,3150.0529539943636,2942.685249136817,2029.405639136019,6600.6700139677,4922.409950176947,4155.407884105714
TCGA-OL-A6VQ,3670.3004094523094,3144.9743001248207,2695.457495911456,4459.540674177573,4030.743635017694,5745.571846928939
TCGA-OL-A6VR,2612.0835025387023,1762.7280526096747,920.7860142725913,4326.891390104529,3021.112577926,3356.3560023729606
TCGA-OL-A97C,3023.2486969178717,2809.1314936927065,1727.1922548883194,3867.1064162582225,3485.729291968424,4011.650689356142
TCGA-PE-A5DC,2885.7741283220785,2294.6620485369385,1321.0302074297724,5603.92116964034,4118.69673496685,3959.5300939836197
TCGA-PE-A5DD,3259.1610372218947,2508.056411299731,1663.5989290173184,4719.789611972705,3805.876339071132,3872.1971110480263
TCGA-PE-A5DE,4183.405355504756,4043.0618819735446,2929.626346820085,6227.646613950887,5599.479342154853,5067.176840188504
TCGA-S3-A6ZG,3051.9077271990536,2000.9055182875763,1386.2580229787454,4463.153872065601,3637.8986251774204,3483.0644817368957
TCGA-S3-A6ZH,2856.7383995621203,2391.522325670492,1226.4657757583063,4267.767678656144,3430.186257300058,3294.1477016361296
TCGA-S3-AA0Z,3579.470274741565,2725.5899254432497,2019.5187200048022,5165.805779162956,4337.136925482639,4109.59840272847
TCGA-S3-AA10,3982.9847167861444,4017.662315006208,3251.6486658181675,6943.225065584171,6115.686509322712,5566.318991583914
TCGA-S3-AA12,2269.6098743911407,1539.543915809394,856.1764193495328,3678.85957662034,2715.278847686588,2647.676177129937
TCGA-S3-AA14,2803.50313731757,2092.076797384876,1309.585995715779,3295.3694082489346,2927.4532813326477,3731.828628390578
TCGA-S3-AA15,4154.865391885411,4266.188981701069,3086.5137192324346,5227.230647286073,5077.784420785443,5148.899359521176
TCGA-UL-AAZ6,2831.6081132603395,1954.389964849308,1298.6913161892917,5767.247050395536,4208.43106357016,3350.145958922094
TCGA-UU-A93S,3290.682518612537,2482.0994543228335,1756.813250428926,6473.140740751984,4899.212583487739,3961.3940960568925
TCGA-W8-A86G,2658.9227362920246,2051.095835394126,978.8823074195534,3935.3895927982303,2877.400550608223,3562.453127537836
TCGA-XX-A899,3981.634248429531,3904.888675831098,2977.4828166957923,5183.896245493948,4693.608965582949,5101.301665661242
TCGA-XX-A89A,4075.4294125146243,3688.0589720045446,2712.8741170896283,4792.514070584128,4322.82708479601,4702.259210666143
TCGA-Z7-A8R6,3010.8721845817618,2299.722629936052,1384.1868424443655,4547.517808041373,3609.1928015872836,3853.812570973143
